Date,Open,High,Low,Close,Adj Close,Volume,Name
2017-01-03,181.5,183.5,181.0,183.0,183.0,22630000.0,台積電
2017-01-04,183.0,184.0,181.5,183.0,183.0,24369000.0,台積電
2017-01-05,182.0,183.5,181.5,183.5,183.5,20979000.0,台積電
2017-01-06,184.0,184.5,183.5,184.0,184.0,22443000.0,台積電
2017-01-09,184.0,185.0,183.0,184.0,184.0,18569000.0,台積電
2017-01-10,184.5,185.5,183.5,184.0,184.0,20198000.0,台積電
2017-01-11,185.0,185.0,181.5,182.0,182.0,29107000.0,台積電
2017-01-12,182.5,185.5,182.5,184.5,184.5,41130000.0,台積電
2017-01-13,180.5,182.5,180.5,181.5,181.5,52352000.0,台積電
2017-01-16,180.0,180.5,179.0,179.5,179.5,30756000.0,台積電
2017-01-17,180.5,181.0,179.5,181.0,181.0,13159000.0,台積電
2017-01-18,180.5,181.0,179.5,181.0,181.0,23693000.0,台積電
2017-01-19,179.5,181.0,179.5,180.5,180.5,24627000.0,台積電
2017-01-20,181.0,181.5,180.5,181.0,181.0,23429000.0,台積電
2017-01-23,182.5,185.0,182.5,185.0,185.0,36992000.0,台積電
2017-01-24,185.0,186.5,184.5,185.5,185.5,55022000.0,台積電
2017-02-02,188.0,188.5,184.0,184.5,184.5,94089000.0,台積電
2017-02-03,186.0,186.0,183.5,184.5,184.5,29518000.0,台積電
2017-02-06,184.5,185.5,184.0,184.5,184.5,24779000.0,台積電
2017-02-07,183.5,185.0,183.0,184.5,184.5,23616000.0,台積電
2017-02-08,183.5,184.5,183.0,183.5,183.5,29168000.0,台積電
2017-02-09,184.0,185.5,183.5,184.0,184.0,18967000.0,台積電
2017-02-10,184.5,185.5,184.0,185.5,185.5,34747000.0,台積電
2017-02-13,186.5,188.0,186.5,187.5,187.5,25124000.0,台積電
2017-02-14,189.0,190.0,187.5,187.5,187.5,45696000.0,台積電
2017-02-15,187.0,189.5,186.5,189.0,189.0,39347000.0,台積電
2017-02-16,190.0,190.5,188.0,189.0,189.0,27018000.0,台積電
2017-02-17,190.0,190.5,189.0,189.5,189.5,20389000.0,台積電
2017-02-20,190.0,190.5,189.5,190.0,190.0,13254000.0,台積電
2017-02-21,190.0,190.0,188.5,190.0,190.0,31159000.0,台積電
2017-02-22,190.5,191.0,188.5,188.5,188.5,25677000.0,台積電
2017-02-23,188.0,189.5,187.0,188.5,188.5,35725000.0,台積電
2017-02-24,187.5,190.5,187.5,189.0,189.0,22766000.0,台積電
2017-03-01,188.5,188.5,186.0,186.0,186.0,46186000.0,台積電
2017-03-02,188.0,188.5,185.0,186.0,186.0,39980000.0,台積電
2017-03-03,184.5,185.0,184.0,184.0,184.0,28197000.0,台積電
2017-03-06,184.0,184.5,183.5,183.5,183.5,12531000.0,台積電
2017-03-07,184.0,185.5,184.0,185.5,185.5,18812000.0,台積電
2017-03-08,186.0,188.0,185.5,187.0,187.0,31791000.0,台積電
2017-03-09,185.5,186.0,184.0,184.5,184.5,28489000.0,台積電
2017-03-10,184.0,184.5,183.0,183.5,183.5,20053000.0,台積電
2017-03-13,185.0,186.5,185.0,186.5,186.5,10487000.0,台積電
2017-03-14,188.0,188.0,186.0,186.0,186.0,22245000.0,台積電
2017-03-15,185.5,187.0,185.5,186.5,186.5,14131000.0,台積電
2017-03-16,188.0,190.0,188.0,190.0,190.0,31507000.0,台積電
2017-03-17,189.5,191.5,189.0,191.5,191.5,33764000.0,台積電
2017-03-20,191.5,191.5,189.5,191.5,191.5,16215000.0,台積電
2017-03-21,192.0,195.0,191.5,195.0,195.0,32246000.0,台積電
2017-03-22,192.5,193.5,191.5,193.5,193.5,27396000.0,台積電
2017-03-23,192.0,193.5,192.0,193.5,193.5,18472000.0,台積電
2017-03-24,192.0,193.0,192.0,192.5,192.5,17541000.0,台積電
2017-03-27,194.5,194.5,192.0,193.0,193.0,29251000.0,台積電
2017-03-28,195.0,195.0,192.5,194.5,194.5,38259000.0,台積電
2017-03-29,194.5,194.5,191.0,191.5,191.5,33374000.0,台積電
2017-03-30,192.5,193.0,190.5,191.5,191.5,28302000.0,台積電
2017-03-31,191.0,192.0,189.0,189.0,189.0,33635000.0,台積電
2017-04-05,189.5,193.0,189.5,193.0,193.0,43748000.0,台積電
2017-04-06,193.0,193.0,191.0,191.5,191.5,16173000.0,台積電
2017-04-07,192.0,192.0,188.5,191.0,191.0,18911000.0,台積電
2017-04-10,191.0,191.5,189.5,190.0,190.0,17024000.0,台積電
2017-04-11,190.0,191.0,189.0,191.0,191.0,8441000.0,台積電
2017-04-12,190.5,191.5,190.0,191.0,191.0,17283000.0,台積電
2017-04-13,189.5,192.0,189.5,191.5,191.5,14771000.0,台積電
2017-04-14,189.5,189.5,188.0,189.0,189.0,30701000.0,台積電
2017-04-17,189.0,189.0,187.5,187.5,187.5,17096000.0,台積電
2017-04-18,188.0,189.5,187.5,188.0,188.0,25063000.0,台積電
2017-04-19,187.5,187.5,186.5,186.5,186.5,30477000.0,台積電
2017-04-20,186.5,188.0,186.5,187.0,187.0,21488000.0,台積電
2017-04-21,187.5,190.0,187.5,190.0,190.0,17373000.0,台積電
2017-04-24,191.0,191.5,188.5,190.0,190.0,19317000.0,台積電
2017-04-25,190.5,192.0,189.5,192.0,192.0,31932000.0,台積電
2017-04-26,192.0,192.0,190.5,191.0,191.0,29909000.0,台積電
2017-04-27,192.0,193.0,190.5,193.0,193.0,27940000.0,台積電
2017-04-28,193.5,194.5,193.0,194.5,194.5,34852000.0,台積電
2017-05-02,198.5,199.0,195.5,196.5,196.5,44119000.0,台積電
2017-05-03,198.0,198.5,197.0,198.0,198.0,25723000.0,台積電
2017-05-04,198.5,199.0,197.0,198.0,198.0,22088000.0,台積電
2017-05-05,197.0,198.5,197.0,197.5,197.5,17036000.0,台積電
2017-05-08,199.0,202.5,199.0,202.5,202.5,36538000.0,台積電
2017-05-09,205.5,207.0,203.5,203.5,203.5,48077000.0,台積電
2017-05-10,204.0,206.0,204.0,205.5,205.5,28312000.0,台積電
2017-05-11,204.5,208.5,204.0,207.5,207.5,43718000.0,台積電
2017-05-12,205.0,207.0,205.0,206.0,206.0,25009000.0,台積電
2017-05-15,204.0,206.0,204.0,206.0,206.0,25666000.0,台積電
2017-05-16,205.0,205.0,203.5,204.5,204.5,33224000.0,台積電
2017-05-17,203.0,204.0,203.0,204.0,204.0,21567000.0,台積電
2017-05-18,202.5,204.0,201.5,203.5,203.5,22461000.0,台積電
2017-05-19,203.5,204.5,202.5,203.0,203.0,16492000.0,台積電
2017-05-22,203.5,205.0,203.0,205.0,205.0,13726000.0,台積電
2017-05-23,205.0,207.0,204.5,205.0,205.0,19991000.0,台積電
2017-05-24,205.0,206.0,205.0,205.5,205.5,13380000.0,台積電
2017-05-25,206.0,207.0,205.5,207.0,207.0,22328000.0,台積電
2017-05-26,205.0,207.0,205.0,207.0,207.0,32514000.0,台積電
2017-05-31,206.5,207.0,203.0,203.0,203.0,67475000.0,台積電
2017-06-01,205.0,207.0,204.5,207.0,207.0,27589000.0,台積電
2017-06-02,208.5,209.0,207.5,209.0,209.0,22573000.0,台積電
2017-06-05,209.5,212.0,209.0,212.0,212.0,21457000.0,台積電
2017-06-06,210.5,211.5,210.5,210.5,210.5,14912000.0,台積電
2017-06-07,212.0,212.5,210.0,211.5,211.5,29514000.0,台積電
2017-06-08,212.0,213.0,211.5,213.0,213.0,18437000.0,台積電
2017-06-09,214.5,215.0,212.0,212.0,212.0,31774000.0,台積電
2017-06-12,207.0,210.0,207.0,207.5,207.5,58256000.0,台積電
2017-06-13,207.0,208.5,206.5,208.0,208.0,43566000.0,台積電
2017-06-14,208.5,209.5,206.0,207.0,207.0,36293000.0,台積電
2017-06-15,207.5,208.0,207.0,208.0,208.0,17748000.0,台積電
2017-06-16,207.5,212.0,207.0,211.5,211.5,32816000.0,台積電
2017-06-19,211.0,213.0,210.5,213.0,213.0,15632000.0,台積電
2017-06-20,215.0,218.0,214.5,216.5,216.5,28630000.0,台積電
2017-06-21,216.0,217.0,214.5,215.5,215.5,44789000.0,台積電
2017-06-22,217.0,218.0,216.5,218.0,218.0,24139000.0,台積電
2017-06-23,218.0,218.5,217.0,217.0,217.0,39621000.0,台積電
2017-06-26,212.0,215.0,212.0,215.0,215.0,58686000.0,台積電
2017-06-27,214.0,214.0,211.0,211.5,211.5,43269000.0,台積電
2017-06-28,209.5,210.0,208.0,208.5,208.5,48568000.0,台積電
2017-06-29,210.5,210.5,208.5,210.0,210.0,26019000.0,台積電
2017-06-30,206.5,208.5,206.5,208.5,208.5,30867000.0,台積電
2017-07-03,207.5,209.0,207.0,209.0,209.0,19027000.0,台積電
2017-07-04,208.0,208.5,207.0,207.0,207.0,21132000.0,台積電
2017-07-05,207.0,208.5,206.5,208.5,208.5,23276000.0,台積電
2017-07-06,208.0,208.5,207.0,207.5,207.5,15242000.0,台積電
2017-07-07,207.0,207.5,205.5,206.0,206.0,20655000.0,台積電
2017-07-10,206.5,207.0,206.0,206.0,206.0,13292000.0,台積電
2017-07-11,208.0,212.0,207.5,212.0,212.0,33265000.0,台積電
2017-07-12,211.0,212.5,210.5,210.5,210.5,26426000.0,台積電
2017-07-13,212.0,216.0,211.5,214.5,214.5,50090000.0,台積電
2017-07-14,213.0,214.5,212.0,213.0,213.0,22335000.0,台積電
2017-07-17,215.0,215.5,211.5,213.0,213.0,21372000.0,台積電
2017-07-18,213.0,214.0,212.0,214.0,214.0,18613000.0,台積電
2017-07-19,212.5,215.0,212.5,214.5,214.5,20637000.0,台積電
2017-07-20,215.0,215.5,214.0,215.5,215.5,20770000.0,台積電
2017-07-21,214.0,215.0,213.5,214.0,214.0,15032000.0,台積電
2017-07-24,213.5,214.5,213.0,214.5,214.5,19972000.0,台積電
2017-07-25,214.0,214.5,213.5,214.0,214.0,13344000.0,台積電
2017-07-26,215.0,215.0,212.5,213.0,213.0,14684000.0,台積電
2017-07-27,213.5,216.0,213.5,215.5,215.5,23013000.0,台積電
2017-07-28,213.0,214.0,212.5,213.0,213.0,19724000.0,台積電
2017-07-31,211.5,214.5,211.5,214.5,214.5,19993000.0,台積電
2017-08-01,212.5,214.0,212.0,212.0,212.0,19704000.0,台積電
2017-08-02,214.0,216.0,214.0,216.0,216.0,27320000.0,台積電
2017-08-03,213.0,214.0,212.5,213.5,213.5,25694000.0,台積電
2017-08-04,213.5,214.0,212.5,213.0,213.0,21831000.0,台積電
2017-08-07,213.5,216.5,213.5,216.0,216.0,21564000.0,台積電
2017-08-08,217.5,219.0,216.0,217.5,217.5,25122000.0,台積電
2017-08-09,215.0,215.5,213.5,214.5,214.5,28050000.0,台積電
2017-08-10,215.5,215.5,212.5,214.0,214.0,26273000.0,台積電
2017-08-11,211.0,213.5,210.5,212.5,212.5,41417000.0,台積電
2017-08-14,213.5,214.0,210.0,211.0,211.0,29299000.0,台積電
2017-08-15,213.0,214.5,213.0,214.0,214.0,13512000.0,台積電
2017-08-16,214.5,214.5,211.0,213.0,213.0,25176000.0,台積電
2017-08-17,213.5,214.0,213.0,214.0,214.0,8334000.0,台積電
2017-08-18,212.0,213.0,211.0,212.5,212.5,13711000.0,台積電
2017-08-21,212.5,213.0,211.5,211.5,211.5,11882499.0,台積電
2017-08-22,213.5,214.5,213.0,214.5,214.5,14211415.0,台積電
2017-08-23,215.5,216.0,214.0,215.5,215.5,11589917.0,台積電
2017-08-24,216.0,217.0,215.5,217.0,217.0,15224842.0,台積電
2017-08-25,217.5,217.5,216.0,217.5,217.5,10125387.0,台積電
2017-08-28,215.0,216.5,215.0,216.0,216.0,15236159.0,台積電
2017-08-29,216.0,216.0,215.0,216.0,216.0,16160161.0,台積電
2017-08-30,216.0,218.0,216.0,217.5,217.5,19674310.0,台積電
2017-08-31,217.5,218.0,215.5,216.5,216.5,26434202.0,台積電
2017-09-01,215.0,217.5,215.0,216.5,216.5,17805405.0,台積電
2017-09-04,216.5,218.0,215.5,217.5,217.5,15023185.0,台積電
2017-09-05,218.0,218.0,216.5,218.0,218.0,17357347.0,台積電
2017-09-06,216.5,218.0,216.0,217.0,217.0,16012662.0,台積電
2017-09-07,218.0,218.5,216.0,217.0,217.0,19135540.0,台積電
2017-09-08,217.0,218.0,216.5,218.0,218.0,25512045.0,台積電
2017-09-11,219.0,219.5,216.5,217.0,217.0,19026886.0,台積電
2017-09-12,219.0,219.5,217.5,219.0,219.0,21588321.0,台積電
2017-09-13,217.5,219.0,217.5,218.0,218.0,17555541.0,台積電
2017-09-14,218.5,219.0,217.5,218.5,218.5,18315567.0,台積電
2017-09-15,218.5,219.0,217.0,218.5,218.5,44551103.0,台積電
2017-09-18,219.0,220.0,218.0,219.5,219.5,17654705.0,台積電
2017-09-19,221.5,221.5,220.0,221.5,221.5,23410233.0,台積電
2017-09-20,221.0,222.0,220.0,221.5,221.5,20320237.0,台積電
2017-09-21,221.0,223.0,220.0,221.0,221.0,18645565.0,台積電
2017-09-22,221.5,222.0,218.5,218.5,218.5,21557370.0,台積電
2017-09-25,217.5,218.5,217.0,217.0,217.0,16876286.0,台積電
2017-09-26,217.5,218.0,214.0,214.0,214.0,23070901.0,台積電
2017-09-27,217.5,217.5,215.0,215.0,215.0,22590510.0,台積電
2017-09-28,215.0,216.0,213.5,214.0,214.0,31616062.0,台積電
2017-09-29,216.0,217.5,215.5,216.5,216.5,21380708.0,台積電
2017-10-02,219.5,220.5,218.5,220.5,220.5,27983551.0,台積電
2017-10-03,219.0,223.0,219.0,222.5,222.5,36679938.0,台積電
2017-10-05,222.0,225.5,222.0,224.5,224.5,23349939.0,台積電
2017-10-06,225.0,225.5,223.5,224.5,224.5,15642516.0,台積電
2017-10-11,226.5,233.5,226.5,233.0,233.0,63667562.0,台積電
2017-10-12,235.0,237.5,234.5,237.5,237.5,42390186.0,台積電
2017-10-13,237.5,237.5,234.5,237.5,237.5,23145071.0,台積電
2017-10-16,237.5,238.0,236.0,238.0,238.0,19964072.0,台積電
2017-10-17,238.0,238.0,235.0,235.5,235.5,17652304.0,台積電
2017-10-18,239.5,239.5,237.0,237.5,237.5,28886850.0,台積電
2017-10-19,239.5,241.5,239.0,239.0,239.0,23481776.0,台積電
2017-10-20,238.0,239.5,237.5,237.5,237.5,24722035.0,台積電
2017-10-23,239.0,240.0,238.5,239.0,239.0,15772559.0,台積電
2017-10-24,240.0,240.0,238.0,238.0,238.0,14975093.0,台積電
2017-10-25,238.5,239.0,237.5,238.0,238.0,16880187.0,台積電
2017-10-26,237.0,238.0,236.0,236.0,236.0,12959717.0,台積電
2017-10-27,237.5,240.0,237.5,239.0,239.0,17773541.0,台積電
2017-10-30,242.0,245.0,241.5,243.0,243.0,27784990.0,台積電
2017-10-31,243.5,245.0,241.5,243.0,243.0,22582013.0,台積電
2017-11-01,243.5,245.0,241.5,242.5,242.5,20389054.0,台積電
2017-11-02,242.0,242.5,240.5,241.0,241.0,15810342.0,台積電
2017-11-03,240.5,241.0,238.5,239.0,239.0,16528682.0,台積電
2017-11-06,243.5,244.0,239.0,239.5,239.5,21029415.0,台積電
2017-11-07,242.0,244.0,241.5,244.0,244.0,20200261.0,台積電
2017-11-08,243.0,243.5,242.0,242.5,242.5,14129103.0,台積電
2017-11-09,240.5,243.0,240.0,241.0,241.0,20313949.0,台積電
2017-11-10,240.0,242.0,239.5,240.5,240.5,14121296.0,台積電
2017-11-13,240.0,241.5,239.5,239.5,239.5,12087858.0,台積電
2017-11-14,241.0,241.0,239.0,240.0,240.0,16880176.0,台積電
2017-11-15,239.0,239.5,236.0,237.5,237.5,28720308.0,台積電
2017-11-16,238.0,240.0,237.5,238.0,238.0,16487172.0,台積電
2017-11-17,240.5,242.5,240.5,241.5,241.5,18676825.0,台積電
2017-11-20,241.0,241.5,238.0,238.5,238.5,16265271.0,台積電
2017-11-21,240.0,243.0,239.5,243.0,243.0,20513024.0,台積電
2017-11-22,244.5,244.5,242.0,242.0,242.0,26626431.0,台積電
2017-11-23,242.0,243.5,241.5,242.5,242.5,9346763.0,台積電
2017-11-24,242.0,244.5,241.5,244.0,244.0,11154453.0,台積電
2017-11-27,240.0,240.0,237.0,237.0,237.0,32247324.0,台積電
2017-11-28,234.5,235.0,233.0,234.0,234.0,44803178.0,台積電
2017-11-29,235.0,236.0,234.5,234.5,234.5,25762797.0,台積電
2017-11-30,226.5,230.5,226.0,226.0,226.0,109231770.0,台積電
2017-12-01,228.5,233.5,227.5,231.0,231.0,37446265.0,台積電
2017-12-04,232.5,234.5,231.0,234.0,234.0,21635032.0,台積電
2017-12-05,231.0,231.0,228.5,229.5,229.5,29664765.0,台積電
2017-12-06,228.0,229.5,226.5,227.0,227.0,32371690.0,台積電
2017-12-07,226.5,226.5,222.5,226.5,226.5,41343903.0,台積電
2017-12-08,231.0,231.0,224.5,227.0,227.0,37959260.0,台積電
2017-12-11,228.5,229.0,227.0,227.5,227.5,20649609.0,台積電
2017-12-12,229.5,229.5,225.0,227.5,227.5,21796584.0,台積電
2017-12-13,227.5,228.0,226.5,227.0,227.0,17920331.0,台積電
2017-12-14,228.0,230.5,227.5,230.5,230.5,17193313.0,台積電
2017-12-15,228.5,230.0,226.5,230.0,230.0,42625779.0,台積電
2017-12-18,227.0,228.0,226.5,227.0,227.0,14564664.0,台積電
2017-12-19,226.5,228.5,224.0,225.0,225.0,25714129.0,台積電
2017-12-20,225.0,225.5,223.5,224.5,224.5,26289333.0,台積電
2017-12-21,226.5,227.0,224.5,225.0,225.0,18558164.0,台積電
2017-12-22,225.0,227.5,224.0,227.5,227.5,19036483.0,台積電
2017-12-25,228.0,229.5,226.5,228.5,228.5,4579675.0,台積電
2017-12-26,229.0,229.0,225.0,226.0,226.0,13755843.0,台積電
2017-12-27,225.0,226.0,225.0,225.0,225.0,12515245.0,台積電
2017-12-28,226.5,228.0,225.0,226.0,226.0,24304371.0,台積電
2017-12-29,227.5,230.0,226.5,229.5,229.5,25007443.0,台積電
2017-01-03,83.699997,84.300003,83.699997,84.300003,84.300003,15264000.0,鴻海
2017-01-04,84.300003,84.599998,84.199997,84.199997,84.199997,23601000.0,鴻海
2017-01-05,84.400002,84.5,83.800003,84.0,84.0,25222000.0,鴻海
2017-01-06,84.5,84.5,83.800003,83.800003,83.800003,21953000.0,鴻海
2017-01-09,84.099998,84.300003,83.5,83.5,83.5,16177000.0,鴻海
2017-01-10,83.900002,84.099998,83.599998,84.0,84.0,15833000.0,鴻海
2017-01-11,84.400002,84.400002,83.400002,84.199997,84.199997,26904000.0,鴻海
2017-01-12,84.199997,84.400002,83.599998,84.300003,84.300003,27909000.0,鴻海
2017-01-13,84.300003,84.400002,83.900002,84.199997,84.199997,22591000.0,鴻海
2017-01-16,84.0,84.0,83.5,83.5,83.5,16140000.0,鴻海
2017-01-17,83.800003,84.0,83.5,84.0,84.0,14436000.0,鴻海
2017-01-18,84.0,84.099998,83.300003,83.300003,83.300003,18959000.0,鴻海
2017-01-19,83.300003,83.800003,83.0,83.5,83.5,21157000.0,鴻海
2017-01-20,84.0,84.0,83.400002,83.400002,83.400002,16969000.0,鴻海
2017-01-23,83.5,84.0,83.400002,84.0,84.0,27734000.0,鴻海
2017-01-24,83.599998,84.0,83.599998,83.699997,83.699997,25264000.0,鴻海
2017-02-02,85.699997,85.699997,83.199997,84.099998,84.099998,71336000.0,鴻海
2017-02-03,83.800003,84.099998,83.5,83.699997,83.699997,34367000.0,鴻海
2017-02-06,84.199997,85.0,84.0,85.0,85.0,44416000.0,鴻海
2017-02-07,85.5,85.800003,84.599998,85.800003,85.800003,56743000.0,鴻海
2017-02-08,86.0,87.5,85.800003,87.5,87.5,96604000.0,鴻海
2017-02-09,88.0,88.900002,87.699997,88.900002,88.900002,94701000.0,鴻海
2017-02-10,89.0,89.800003,88.5,89.099998,89.099998,80812000.0,鴻海
2017-02-13,89.400002,89.900002,88.800003,89.900002,89.900002,52900000.0,鴻海
2017-02-14,90.599998,90.699997,89.599998,90.0,90.0,73915000.0,鴻海
2017-02-15,90.5,91.0,90.099998,90.900002,90.900002,74793000.0,鴻海
2017-02-16,91.5,91.800003,90.0,91.0,91.0,47606000.0,鴻海
2017-02-17,90.400002,90.900002,90.0,90.0,90.0,29819000.0,鴻海
2017-02-20,90.0,90.199997,89.800003,90.099998,90.099998,27477000.0,鴻海
2017-02-21,91.0,91.0,89.800003,90.5,90.5,34435000.0,鴻海
2017-02-22,90.699997,90.900002,90.0,90.5,90.5,27863000.0,鴻海
2017-02-23,89.800003,90.699997,89.800003,90.300003,90.300003,31489000.0,鴻海
2017-02-24,89.800003,90.300003,89.5,89.5,89.5,31744000.0,鴻海
2017-03-01,90.400002,90.400002,89.0,89.0,89.0,30429000.0,鴻海
2017-03-02,90.099998,90.300003,88.800003,89.599998,89.599998,33981000.0,鴻海
2017-03-03,89.699997,89.699997,88.599998,88.800003,88.800003,29918000.0,鴻海
2017-03-06,88.800003,89.900002,88.5,89.900002,89.900002,18429000.0,鴻海
2017-03-07,89.900002,90.699997,89.599998,90.5,90.5,30148000.0,鴻海
2017-03-08,90.800003,91.0,90.099998,90.699997,90.699997,33596000.0,鴻海
2017-03-09,90.199997,90.300003,89.300003,89.300003,89.300003,34086000.0,鴻海
2017-03-10,88.900002,90.0,88.0,89.900002,89.900002,37549000.0,鴻海
2017-03-13,90.199997,90.199997,89.5,90.0,90.0,15317000.0,鴻海
2017-03-14,90.0,90.5,89.900002,90.0,90.0,20585000.0,鴻海
2017-03-15,89.900002,90.400002,89.699997,90.099998,90.099998,17593000.0,鴻海
2017-03-16,90.5,91.400002,90.400002,90.900002,90.900002,38783000.0,鴻海
2017-03-17,91.300003,91.400002,91.0,91.400002,91.400002,46508000.0,鴻海
2017-03-20,91.300003,91.400002,90.900002,91.300003,91.300003,16703000.0,鴻海
2017-03-21,91.300003,91.800003,91.300003,91.5,91.5,29609000.0,鴻海
2017-03-22,90.800003,91.5,90.5,91.5,91.5,24238000.0,鴻海
2017-03-23,91.699997,91.699997,90.800003,91.300003,91.300003,16732000.0,鴻海
2017-03-24,90.5,91.0,90.5,90.599998,90.599998,19611000.0,鴻海
2017-03-27,90.0,91.0,89.800003,90.5,90.5,23258000.0,鴻海
2017-03-28,90.900002,91.300003,90.599998,91.199997,91.199997,27082000.0,鴻海
2017-03-29,91.699997,91.800003,91.0,91.5,91.5,23382000.0,鴻海
2017-03-30,91.5,91.599998,91.199997,91.400002,91.400002,18581000.0,鴻海
2017-03-31,91.400002,91.599998,91.0,91.0,91.0,27189000.0,鴻海
2017-04-05,96.0,98.400002,95.599998,98.0,98.0,170507000.0,鴻海
2017-04-06,98.199997,98.599998,96.699997,97.300003,97.300003,63860000.0,鴻海
2017-04-07,97.0,97.699997,95.199997,96.099998,96.099998,63154000.0,鴻海
2017-04-10,96.0,96.5,95.599998,96.5,96.5,37245000.0,鴻海
2017-04-11,96.900002,97.599998,96.5,96.900002,96.900002,46204000.0,鴻海
2017-04-12,97.400002,97.400002,96.599998,97.300003,97.300003,40081000.0,鴻海
2017-04-13,97.699997,99.300003,97.5,98.5,98.5,61404000.0,鴻海
2017-04-14,97.699997,97.800003,96.699997,96.699997,96.699997,35665000.0,鴻海
2017-04-17,96.699997,97.300003,95.599998,97.300003,97.300003,28522000.0,鴻海
2017-04-18,97.900002,98.0,96.800003,97.0,97.0,15061000.0,鴻海
2017-04-19,96.5,96.5,95.800003,95.800003,95.800003,30720000.0,鴻海
2017-04-20,96.0,96.199997,95.5,96.0,96.0,25234000.0,鴻海
2017-04-21,96.199997,96.800003,96.199997,96.5,96.5,14564000.0,鴻海
2017-04-24,97.699997,97.699997,96.5,97.0,97.0,15320000.0,鴻海
2017-04-25,97.699997,97.900002,97.099998,97.900002,97.900002,34851000.0,鴻海
2017-04-26,98.699997,98.699997,98.0,98.199997,98.199997,39519000.0,鴻海
2017-04-27,98.300003,98.5,97.900002,98.300003,98.300003,26678000.0,鴻海
2017-04-28,98.5,99.5,98.0,98.800003,98.800003,46944000.0,鴻海
2017-05-02,99.800003,100.5,99.800003,100.0,100.0,59037000.0,鴻海
2017-05-03,100.0,101.5,100.0,100.5,100.5,42603000.0,鴻海
2017-05-04,100.5,101.0,100.0,100.5,100.5,27424000.0,鴻海
2017-05-05,100.0,101.0,100.0,100.0,100.0,22017000.0,鴻海
2017-05-08,101.0,101.5,100.0,101.0,101.0,20977000.0,鴻海
2017-05-09,102.0,105.5,101.5,104.0,104.0,105807000.0,鴻海
2017-05-10,105.5,105.5,103.0,104.0,104.0,44633000.0,鴻海
2017-05-11,104.0,104.0,103.0,104.0,104.0,39528000.0,鴻海
2017-05-12,104.0,105.0,102.0,102.5,102.5,58750000.0,鴻海
2017-05-15,103.0,104.5,102.5,104.0,104.0,32673000.0,鴻海
2017-05-16,104.0,104.0,102.5,103.5,103.5,34874000.0,鴻海
2017-05-17,103.0,103.5,102.0,103.0,103.0,27848000.0,鴻海
2017-05-18,101.0,102.0,100.5,102.0,102.0,48425000.0,鴻海
2017-05-19,102.0,102.5,101.5,101.5,101.5,18255000.0,鴻海
2017-05-22,102.5,102.5,102.0,102.5,102.5,19426000.0,鴻海
2017-05-23,103.0,104.5,102.5,104.0,104.0,47603000.0,鴻海
2017-05-24,103.5,104.5,103.5,104.0,104.0,21245000.0,鴻海
2017-05-25,104.5,105.0,104.0,105.0,105.0,29127000.0,鴻海
2017-05-26,104.0,104.5,104.0,104.5,104.5,31702000.0,鴻海
2017-05-31,103.5,104.0,103.0,103.0,103.0,38889000.0,鴻海
2017-06-01,103.5,104.5,103.0,104.5,104.5,27230000.0,鴻海
2017-06-02,105.0,105.5,104.5,105.5,105.5,31870000.0,鴻海
2017-06-05,105.0,106.0,105.0,105.5,105.5,28945000.0,鴻海
2017-06-06,105.5,105.5,105.0,105.0,105.0,21156000.0,鴻海
2017-06-07,105.0,105.5,104.5,105.0,105.0,23422000.0,鴻海
2017-06-08,105.0,105.5,104.5,105.0,105.0,15034000.0,鴻海
2017-06-09,105.0,106.0,105.0,105.0,105.0,33818000.0,鴻海
2017-06-12,103.0,103.5,102.0,102.0,102.0,49829000.0,鴻海
2017-06-13,101.0,102.5,101.0,102.0,102.0,42383000.0,鴻海
2017-06-14,102.5,103.0,101.0,102.0,102.0,39932000.0,鴻海
2017-06-15,102.5,103.0,102.0,102.5,102.5,22334000.0,鴻海
2017-06-16,102.5,105.0,102.5,105.0,105.0,55360000.0,鴻海
2017-06-19,106.0,110.0,106.0,109.5,109.5,91401000.0,鴻海
2017-06-20,111.5,115.0,111.5,114.5,114.5,90181000.0,鴻海
2017-06-21,113.5,114.0,112.0,113.0,113.0,69588000.0,鴻海
2017-06-22,113.0,114.5,112.0,112.5,112.5,58390000.0,鴻海
2017-06-23,113.0,114.0,112.5,112.5,112.5,37697000.0,鴻海
2017-06-26,113.5,121.0,113.0,120.0,120.0,138387000.0,鴻海
2017-06-27,119.0,122.5,119.0,121.5,121.5,82835000.0,鴻海
2017-06-28,120.0,121.0,118.0,118.0,118.0,93646000.0,鴻海
2017-06-29,119.5,120.0,118.5,119.0,119.0,48318000.0,鴻海
2017-06-30,117.5,118.0,116.0,117.0,117.0,67872000.0,鴻海
2017-07-03,116.0,118.0,116.0,116.5,116.5,47551000.0,鴻海
2017-07-04,116.5,117.0,113.0,113.0,113.0,65254000.0,鴻海
2017-07-05,113.5,116.0,113.0,116.0,116.0,57802000.0,鴻海
2017-07-06,115.5,115.5,114.0,115.5,115.5,30936000.0,鴻海
2017-07-07,114.5,115.0,114.0,114.5,114.5,32569000.0,鴻海
2017-07-10,115.0,116.0,114.5,115.5,115.5,44928000.0,鴻海
2017-07-11,117.0,118.5,116.5,118.5,118.5,71507000.0,鴻海
2017-07-12,118.5,119.5,118.0,118.5,118.5,89567000.0,鴻海
2017-07-13,115.5,116.0,115.0,115.5,115.5,82754000.0,鴻海
2017-07-14,116.0,116.0,115.0,115.5,115.5,35396000.0,鴻海
2017-07-17,116.0,116.0,115.0,115.5,115.5,35389000.0,鴻海
2017-07-18,115.5,117.0,115.0,117.0,117.0,34463000.0,鴻海
2017-07-19,117.5,118.0,117.0,117.0,117.0,29392000.0,鴻海
2017-07-20,118.0,118.5,116.5,116.5,116.5,34519000.0,鴻海
2017-07-21,116.5,116.5,114.5,115.0,115.0,32703000.0,鴻海
2017-07-24,114.5,116.0,114.0,116.0,116.0,28714000.0,鴻海
2017-07-25,116.5,117.5,116.0,117.0,117.0,38857000.0,鴻海
2017-07-26,117.5,117.5,115.5,115.5,115.5,27742000.0,鴻海
2017-07-27,117.0,118.5,117.0,117.5,117.5,47688000.0,鴻海
2017-07-28,117.5,118.0,116.5,117.5,117.5,27535000.0,鴻海
2017-07-31,116.5,117.5,116.5,117.5,117.5,26086000.0,鴻海
2017-08-01,116.5,117.5,116.5,116.5,116.5,24274000.0,鴻海
2017-08-02,118.5,119.5,117.5,118.5,118.5,40597000.0,鴻海
2017-08-03,117.5,119.0,117.5,119.0,119.0,32703000.0,鴻海
2017-08-04,119.0,119.5,118.5,119.5,119.5,21251000.0,鴻海
2017-08-07,119.5,122.0,119.5,121.5,121.5,55307000.0,鴻海
2017-08-08,122.0,122.5,119.5,121.0,121.0,35680000.0,鴻海
2017-08-09,119.5,120.5,117.5,118.0,118.0,47289000.0,鴻海
2017-08-10,118.0,118.0,115.0,116.0,116.0,47979000.0,鴻海
2017-08-11,114.5,117.0,114.5,116.5,116.5,41191000.0,鴻海
2017-08-14,116.5,116.5,114.0,114.0,114.0,45390000.0,鴻海
2017-08-15,115.5,116.0,114.5,115.5,115.5,23642000.0,鴻海
2017-08-16,115.0,116.0,114.5,115.0,115.0,28779000.0,鴻海
2017-08-17,115.0,116.0,115.0,116.0,116.0,17847000.0,鴻海
2017-08-18,114.5,116.0,114.0,115.5,115.5,24539000.0,鴻海
2017-08-21,114.5,115.0,114.0,115.0,115.0,18761822.0,鴻海
2017-08-22,115.5,116.0,115.0,115.0,115.0,18866616.0,鴻海
2017-08-23,115.5,116.5,115.0,115.0,115.0,28945212.0,鴻海
2017-08-24,115.0,116.0,115.0,116.0,116.0,27856088.0,鴻海
2017-08-25,116.0,116.5,115.5,116.0,116.0,20191797.0,鴻海
2017-08-28,116.5,116.5,115.0,115.5,115.5,19889160.0,鴻海
2017-08-29,115.0,115.5,115.0,115.5,115.5,17096752.0,鴻海
2017-08-30,116.0,117.5,116.0,117.5,117.5,34109407.0,鴻海
2017-08-31,118.5,119.0,117.0,117.5,117.5,32607963.0,鴻海
2017-09-01,117.0,118.0,117.0,117.5,117.5,17433242.0,鴻海
2017-09-04,116.5,117.5,116.0,116.5,116.5,19126350.0,鴻海
2017-09-05,116.5,117.0,115.5,116.5,116.5,21042905.0,鴻海
2017-09-06,116.0,116.5,115.0,115.5,115.5,22791694.0,鴻海
2017-09-07,115.5,116.5,115.0,115.5,115.5,25366406.0,鴻海
2017-09-08,116.0,117.5,115.5,117.0,117.0,39669811.0,鴻海
2017-09-11,117.5,118.0,115.5,116.0,116.0,21045026.0,鴻海
2017-09-12,117.0,117.5,116.0,117.0,117.0,19118193.0,鴻海
2017-09-13,116.5,117.5,115.5,115.5,115.5,24576175.0,鴻海
2017-09-14,115.5,115.5,114.0,114.5,114.5,30524202.0,鴻海
2017-09-15,114.0,115.0,114.0,115.0,115.0,47822259.0,鴻海
2017-09-18,114.0,115.0,113.0,114.0,114.0,46523735.0,鴻海
2017-09-19,113.5,114.0,110.0,110.0,110.0,98361169.0,鴻海
2017-09-20,109.0,110.0,106.5,106.5,106.5,95862857.0,鴻海
2017-09-21,105.5,112.0,105.0,111.0,111.0,101922622.0,鴻海
2017-09-22,109.0,110.0,108.0,108.0,108.0,58633937.0,鴻海
2017-09-25,107.0,107.0,105.0,105.0,105.0,69064450.0,鴻海
2017-09-26,104.0,106.0,103.0,103.5,103.5,71595057.0,鴻海
2017-09-27,105.0,105.5,104.5,105.0,105.0,37280557.0,鴻海
2017-09-28,106.0,106.0,104.0,104.5,104.5,34723259.0,鴻海
2017-09-29,104.5,105.5,103.5,105.0,105.0,33512446.0,鴻海
2017-10-02,108.0,108.0,107.0,107.0,107.0,24627360.0,鴻海
2017-10-03,107.5,108.0,106.0,106.0,106.0,25870647.0,鴻海
2017-10-05,106.5,107.0,105.0,106.0,106.0,22023112.0,鴻海
2017-10-06,106.5,107.0,106.0,106.5,106.5,20234044.0,鴻海
2017-10-11,107.5,109.0,107.0,107.0,107.0,43160331.0,鴻海
2017-10-12,108.5,109.0,107.5,108.0,108.0,41863762.0,鴻海
2017-10-13,108.0,108.0,107.0,108.0,108.0,25951419.0,鴻海
2017-10-16,109.0,110.0,108.0,109.5,109.5,34533250.0,鴻海
2017-10-17,111.0,111.0,109.5,110.5,110.5,38029838.0,鴻海
2017-10-18,111.5,112.0,110.0,111.5,111.5,35604076.0,鴻海
2017-10-19,112.0,113.5,111.5,113.0,113.0,44346521.0,鴻海
2017-10-20,112.0,113.0,111.0,112.0,112.0,28530614.0,鴻海
2017-10-23,112.5,113.0,109.0,109.5,109.5,31138428.0,鴻海
2017-10-24,110.0,111.5,109.0,109.5,109.5,27851600.0,鴻海
2017-10-25,111.0,111.5,110.0,111.0,111.0,29699092.0,鴻海
2017-10-26,110.0,111.5,110.0,110.5,110.5,19132789.0,鴻海
2017-10-27,111.5,112.0,110.0,110.0,110.0,21303033.0,鴻海
2017-10-30,113.0,114.0,111.5,111.5,111.5,39136216.0,鴻海
2017-10-31,112.5,113.0,111.5,112.0,112.0,32849101.0,鴻海
2017-11-01,112.5,113.0,111.5,112.0,112.0,18461685.0,鴻海
2017-11-02,111.5,113.0,111.5,112.5,112.5,23729700.0,鴻海
2017-11-03,113.0,114.5,112.5,113.0,113.0,33847866.0,鴻海
2017-11-06,114.5,114.5,113.0,113.0,113.0,22916972.0,鴻海
2017-11-07,114.0,114.0,112.0,112.0,112.0,29102182.0,鴻海
2017-11-08,112.5,113.0,111.0,111.0,111.0,24694328.0,鴻海
2017-11-09,111.0,111.5,108.5,108.5,108.5,41021403.0,鴻海
2017-11-10,106.5,108.0,106.0,107.5,107.5,51984077.0,鴻海
2017-11-13,107.5,108.0,106.5,107.0,107.0,22706573.0,鴻海
2017-11-14,108.0,108.0,106.0,106.0,106.0,26824070.0,鴻海
2017-11-15,103.0,104.5,103.0,103.0,103.0,127303849.0,鴻海
2017-11-16,102.5,104.5,102.5,104.0,104.0,47636028.0,鴻海
2017-11-17,105.5,106.5,105.5,105.5,105.5,52167904.0,鴻海
2017-11-20,105.5,105.5,104.0,104.0,104.0,35010720.0,鴻海
2017-11-21,104.5,105.0,104.0,104.0,104.0,33870093.0,鴻海
2017-11-22,104.0,105.0,104.0,104.0,104.0,47707780.0,鴻海
2017-11-23,104.0,106.0,104.0,106.0,106.0,29734292.0,鴻海
2017-11-24,105.0,106.0,104.5,104.5,104.5,23221843.0,鴻海
2017-11-27,104.5,105.0,103.0,103.0,103.0,36176591.0,鴻海
2017-11-28,103.0,103.5,102.0,102.5,102.5,38065613.0,鴻海
2017-11-29,103.0,103.5,102.5,103.0,103.0,28629341.0,鴻海
2017-11-30,102.0,102.5,100.0,100.0,100.0,78634259.0,鴻海
2017-12-01,100.0,100.5,98.0,99.099998,99.099998,81223414.0,鴻海
2017-12-04,98.5,99.300003,98.0,99.0,99.0,43262887.0,鴻海
2017-12-05,97.800003,97.900002,95.5,95.599998,95.599998,90850366.0,鴻海
2017-12-06,93.5,94.5,93.0,93.0,93.0,98881764.0,鴻海
2017-12-07,93.599998,94.300003,93.0,93.599998,93.599998,40280653.0,鴻海
2017-12-08,93.199997,94.300003,92.5,93.599998,93.599998,44832781.0,鴻海
2017-12-11,95.699997,97.300003,95.599998,96.0,96.0,72634921.0,鴻海
2017-12-12,96.0,96.0,94.0,94.099998,94.099998,50297573.0,鴻海
2017-12-13,93.5,94.099998,93.300003,93.699997,93.699997,36103878.0,鴻海
2017-12-14,94.099998,95.5,94.099998,94.900002,94.900002,30755585.0,鴻海
2017-12-15,94.5,94.599998,93.5,93.5,93.5,49501401.0,鴻海
2017-12-18,94.5,94.5,93.599998,93.599998,93.599998,18299455.0,鴻海
2017-12-19,93.099998,93.5,91.199997,91.199997,91.199997,68473899.0,鴻海
2017-12-20,90.5,92.699997,90.5,92.699997,92.699997,39504087.0,鴻海
2017-12-21,93.0,93.099998,92.300003,92.300003,92.300003,20805116.0,鴻海
2017-12-22,92.900002,92.900002,92.400002,92.900002,92.900002,17238420.0,鴻海
2017-12-25,93.0,93.199997,92.099998,92.099998,92.099998,12571283.0,鴻海
2017-12-26,92.0,92.099998,90.5,91.199997,91.199997,26648261.0,鴻海
2017-12-27,91.699997,92.199997,91.5,92.199997,92.199997,21235232.0,鴻海
2017-12-28,93.199997,94.699997,92.900002,94.300003,94.300003,40029166.0,鴻海
2017-12-29,94.699997,95.300003,94.599998,95.199997,95.199997,37670190.0,鴻海
2017-01-03,60.400002,60.799999,59.900002,60.0,60.0,3449000.0,廣達
2017-01-04,60.099998,60.599998,59.900002,60.0,60.0,3250000.0,廣達
2017-01-05,60.299999,60.700001,59.900002,60.0,60.0,9542000.0,廣達
2017-01-06,60.5,60.599998,60.0,60.400002,60.400002,7894000.0,廣達
2017-01-09,60.400002,61.700001,60.400002,61.599998,61.599998,4435000.0,廣達
2017-01-10,61.599998,61.700001,60.900002,61.5,61.5,4979000.0,廣達
2017-01-11,62.5,63.5,62.5,63.0,63.0,6829000.0,廣達
2017-01-12,63.299999,63.599998,63.0,63.5,63.5,7304000.0,廣達
2017-01-13,63.5,64.0,63.0,64.0,64.0,5772000.0,廣達
2017-01-16,64.0,64.0,63.0,63.5,63.5,3554000.0,廣達
2017-01-17,63.700001,63.900002,63.299999,63.599998,63.599998,5305000.0,廣達
2017-01-18,63.5,64.199997,63.099998,63.5,63.5,5389000.0,廣達
2017-01-19,63.099998,64.099998,62.700001,64.0,64.0,4947000.0,廣達
2017-01-20,63.200001,63.799999,63.0,63.299999,63.299999,2782000.0,廣達
2017-01-23,63.5,63.599998,63.400002,63.5,63.5,3975000.0,廣達
2017-01-24,63.400002,64.0,63.400002,63.599998,63.599998,6520000.0,廣達
2017-02-02,64.0,64.0,61.799999,63.299999,63.299999,9739000.0,廣達
2017-02-03,63.0,63.200001,62.0,62.400002,62.400002,6297000.0,廣達
2017-02-06,62.400002,62.799999,62.0,62.5,62.5,5443000.0,廣達
2017-02-07,62.099998,62.5,61.799999,62.0,62.0,5725000.0,廣達
2017-02-08,61.799999,62.0,60.799999,61.099998,61.099998,8993000.0,廣達
2017-02-09,61.5,61.700001,61.200001,61.5,61.5,11475000.0,廣達
2017-02-10,61.700001,63.599998,61.700001,63.400002,63.400002,10812000.0,廣達
2017-02-13,63.700001,64.0,63.099998,63.700001,63.700001,8020000.0,廣達
2017-02-14,63.700001,64.099998,63.599998,63.900002,63.900002,8291000.0,廣達
2017-02-15,64.099998,64.099998,63.599998,64.0,64.0,9129000.0,廣達
2017-02-16,64.099998,64.400002,63.799999,64.099998,64.099998,8455000.0,廣達
2017-02-17,63.599998,63.599998,63.0,63.200001,63.200001,4135000.0,廣達
2017-02-20,63.200001,63.599998,62.900002,62.900002,62.900002,4929000.0,廣達
2017-02-21,62.799999,62.900002,61.700001,62.0,62.0,3940000.0,廣達
2017-02-22,62.799999,62.799999,61.799999,61.900002,61.900002,4588000.0,廣達
2017-02-23,61.900002,63.799999,61.900002,63.799999,63.799999,7298000.0,廣達
2017-02-24,63.299999,64.199997,62.400002,63.700001,63.700001,7175000.0,廣達
2017-03-01,62.700001,63.599998,62.5,62.5,62.5,5892000.0,廣達
2017-03-02,62.799999,64.5,62.799999,64.099998,64.099998,10295000.0,廣達
2017-03-03,63.599998,64.099998,62.900002,64.0,64.0,6213000.0,廣達
2017-03-06,63.400002,64.099998,63.400002,64.0,64.0,1884000.0,廣達
2017-03-07,64.0,65.0,64.0,64.900002,64.900002,4817000.0,廣達
2017-03-08,64.900002,64.900002,63.700001,63.900002,63.900002,3026000.0,廣達
2017-03-09,63.599998,64.099998,62.700001,63.799999,63.799999,4694000.0,廣達
2017-03-10,63.599998,64.5,63.200001,64.300003,64.300003,3351000.0,廣達
2017-03-13,64.599998,64.900002,64.300003,64.900002,64.900002,3139000.0,廣達
2017-03-14,64.900002,66.0,64.699997,66.0,66.0,5610000.0,廣達
2017-03-15,66.0,66.0,65.0,66.0,66.0,3329000.0,廣達
2017-03-16,65.900002,66.800003,65.699997,66.199997,66.199997,5269000.0,廣達
2017-03-17,66.199997,66.699997,65.800003,66.199997,66.199997,4745000.0,廣達
2017-03-20,65.5,65.800003,65.400002,65.699997,65.699997,2454000.0,廣達
2017-03-21,66.0,66.699997,65.699997,66.599998,66.599998,6517000.0,廣達
2017-03-22,66.0,66.099998,64.699997,64.900002,64.900002,6080000.0,廣達
2017-03-23,64.5,65.400002,64.5,65.400002,65.400002,2640000.0,廣達
2017-03-24,65.400002,65.699997,65.0,65.400002,65.400002,2800000.0,廣達
2017-03-27,64.599998,66.199997,64.599998,66.0,66.0,3603000.0,廣達
2017-03-28,66.400002,66.400002,65.0,66.0,66.0,5080000.0,廣達
2017-03-29,64.599998,64.800003,62.5,62.5,62.5,15361000.0,廣達
2017-03-30,62.900002,62.900002,61.799999,61.900002,61.900002,8720000.0,廣達
2017-03-31,62.0,62.400002,61.700001,61.700001,61.700001,5860000.0,廣達
2017-04-05,61.799999,63.0,61.799999,63.0,63.0,8299000.0,廣達
2017-04-06,62.700001,62.900002,62.200001,62.5,62.5,5573000.0,廣達
2017-04-07,62.0,62.5,61.0,62.5,62.5,8041000.0,廣達
2017-04-10,62.799999,63.799999,62.700001,63.599998,63.599998,5833000.0,廣達
2017-04-11,63.200001,63.5,62.599998,63.099998,63.099998,6894000.0,廣達
2017-04-12,62.900002,63.400002,62.799999,63.099998,63.099998,6316000.0,廣達
2017-04-13,63.099998,63.700001,63.099998,63.5,63.5,4314000.0,廣達
2017-04-14,63.0,63.400002,62.799999,63.200001,63.200001,2197000.0,廣達
2017-04-17,62.900002,63.599998,62.400002,63.599998,63.599998,1934000.0,廣達
2017-04-18,63.900002,63.900002,62.599998,62.799999,62.799999,6823000.0,廣達
2017-04-19,62.099998,62.900002,62.0,62.400002,62.400002,6520000.0,廣達
2017-04-20,62.099998,62.599998,61.700001,61.900002,61.900002,3708000.0,廣達
2017-04-21,61.900002,62.5,61.900002,62.0,62.0,2290000.0,廣達
2017-04-24,62.900002,63.400002,62.900002,63.400002,63.400002,2356000.0,廣達
2017-04-25,63.799999,64.199997,63.400002,64.199997,64.199997,6208000.0,廣達
2017-04-26,63.700001,63.799999,62.099998,62.099998,62.099998,8094000.0,廣達
2017-04-27,62.099998,62.599998,61.900002,62.0,62.0,4956000.0,廣達
2017-04-28,62.0,62.5,62.0,62.5,62.5,3090000.0,廣達
2017-05-02,62.799999,63.599998,62.299999,62.799999,62.799999,5325000.0,廣達
2017-05-03,63.200001,63.5,62.900002,63.5,63.5,2279000.0,廣達
2017-05-04,63.599998,63.599998,62.900002,63.0,63.0,2780000.0,廣達
2017-05-05,62.900002,63.5,62.900002,63.099998,63.099998,1436000.0,廣達
2017-05-08,63.599998,63.599998,63.0,63.200001,63.200001,2432000.0,廣達
2017-05-09,63.299999,63.5,62.799999,62.799999,62.799999,4002000.0,廣達
2017-05-10,63.299999,63.700001,63.200001,63.700001,63.700001,3348000.0,廣達
2017-05-11,63.5,63.5,63.0,63.099998,63.099998,3391000.0,廣達
2017-05-12,63.099998,63.400002,62.700001,63.099998,63.099998,5223000.0,廣達
2017-05-15,63.0,64.800003,63.0,64.800003,64.800003,5640000.0,廣達
2017-05-16,64.800003,64.800003,64.400002,64.699997,64.699997,7605000.0,廣達
2017-05-17,65.0,65.0,63.799999,64.099998,64.099998,5260000.0,廣達
2017-05-18,64.0,64.0,63.5,63.599998,63.599998,5436000.0,廣達
2017-05-19,63.599998,63.900002,63.299999,63.5,63.5,3371000.0,廣達
2017-05-22,64.800003,64.900002,64.199997,64.599998,64.599998,5773000.0,廣達
2017-05-23,64.199997,64.5,63.900002,64.199997,64.199997,4463000.0,廣達
2017-05-24,64.599998,66.5,64.199997,65.800003,65.800003,9148000.0,廣達
2017-05-25,66.0,67.300003,66.0,66.900002,66.900002,9751000.0,廣達
2017-05-26,68.199997,70.0,67.5,68.0,68.0,17448000.0,廣達
2017-05-31,70.0,70.199997,68.0,68.800003,68.800003,17559000.0,廣達
2017-06-01,68.599998,70.0,68.199997,68.199997,68.199997,7770000.0,廣達
2017-06-02,68.5,69.0,67.199997,68.0,68.0,10650000.0,廣達
2017-06-05,68.0,68.5,67.5,67.599998,67.599998,5987000.0,廣達
2017-06-06,67.5,67.699997,66.5,66.599998,66.599998,10220000.0,廣達
2017-06-07,67.199997,68.599998,67.199997,68.199997,68.199997,17227000.0,廣達
2017-06-08,68.5,69.0,68.0,68.199997,68.199997,7302000.0,廣達
2017-06-09,68.5,70.5,68.5,70.199997,70.199997,11197000.0,廣達
2017-06-12,69.900002,70.300003,69.199997,70.099998,70.099998,7320000.0,廣達
2017-06-13,70.0,70.099998,69.400002,69.800003,69.800003,7500000.0,廣達
2017-06-14,70.0,70.300003,69.400002,69.599998,69.599998,3753000.0,廣達
2017-06-15,69.599998,69.800003,68.599998,68.900002,68.900002,3148000.0,廣達
2017-06-16,68.099998,70.5,68.099998,69.900002,69.900002,7110000.0,廣達
2017-06-19,69.900002,74.599998,69.699997,73.300003,73.300003,10893000.0,廣達
2017-06-20,73.599998,74.0,72.199997,73.0,73.0,5629000.0,廣達
2017-06-21,72.599998,72.900002,71.699997,72.800003,72.800003,8567000.0,廣達
2017-06-22,72.699997,73.400002,71.699997,71.800003,71.800003,4383000.0,廣達
2017-06-23,72.099998,72.199997,71.5,72.0,72.0,2413000.0,廣達
2017-06-26,72.300003,73.300003,72.300003,73.099998,73.099998,4889000.0,廣達
2017-06-27,73.300003,73.400002,72.099998,72.5,72.5,4888000.0,廣達
2017-06-28,72.0,72.300003,71.5,72.199997,72.199997,7718000.0,廣達
2017-06-29,72.900002,72.900002,72.199997,72.599998,72.599998,4383000.0,廣達
2017-06-30,72.099998,72.400002,71.599998,72.0,72.0,4922000.0,廣達
2017-07-03,71.599998,71.800003,70.400002,71.800003,71.800003,4438000.0,廣達
2017-07-04,71.5,71.699997,70.599998,70.699997,70.699997,9094000.0,廣達
2017-07-05,70.699997,71.900002,70.699997,71.800003,71.800003,5047000.0,廣達
2017-07-06,71.800003,72.0,70.900002,71.599998,71.599998,5252000.0,廣達
2017-07-07,71.900002,72.099998,71.0,71.800003,71.800003,8331000.0,廣達
2017-07-10,71.5,72.199997,71.5,72.0,72.0,3844000.0,廣達
2017-07-11,72.0,72.800003,72.0,72.800003,72.800003,6751000.0,廣達
2017-07-12,73.099998,73.5,72.300003,72.5,72.5,6269000.0,廣達
2017-07-13,73.0,74.0,73.0,73.900002,73.900002,5850000.0,廣達
2017-07-14,74.0,74.199997,73.400002,73.800003,73.800003,3598000.0,廣達
2017-07-17,73.800003,74.599998,73.800003,74.0,74.0,4275000.0,廣達
2017-07-18,74.099998,74.199997,73.800003,74.199997,74.199997,2971000.0,廣達
2017-07-19,74.300003,74.800003,74.300003,74.699997,74.699997,3605000.0,廣達
2017-07-20,75.0,75.0,74.400002,74.400002,74.400002,4521000.0,廣達
2017-07-21,74.400002,77.300003,74.300003,76.199997,76.199997,6952000.0,廣達
2017-07-24,76.400002,78.0,76.400002,77.5,77.5,9291000.0,廣達
2017-07-25,78.0,79.400002,78.0,79.199997,79.199997,11185000.0,廣達
2017-07-26,79.900002,80.0,77.0,77.099998,77.099998,9814000.0,廣達
2017-07-27,77.400002,78.5,77.0,77.400002,77.400002,7791000.0,廣達
2017-07-28,77.400002,77.900002,77.0,77.300003,77.300003,10779000.0,廣達
2017-07-31,74.0,74.099998,71.599998,71.599998,71.599998,15327000.0,廣達
2017-08-01,72.0,74.300003,72.0,72.900002,72.900002,11581000.0,廣達
2017-08-02,74.099998,74.800003,73.599998,74.800003,74.800003,7824000.0,廣達
2017-08-03,74.5,75.300003,74.0,75.0,75.0,5312000.0,廣達
2017-08-04,75.699997,76.400002,75.300003,75.900002,75.900002,9164000.0,廣達
2017-08-07,76.599998,77.099998,75.5,75.900002,75.900002,5518000.0,廣達
2017-08-08,76.5,76.5,75.5,76.199997,76.199997,4367000.0,廣達
2017-08-09,75.599998,76.699997,75.5,76.0,76.0,6881000.0,廣達
2017-08-10,76.199997,77.0,74.800003,75.699997,75.699997,8196000.0,廣達
2017-08-11,71.099998,72.400002,70.5,72.0,72.0,17697000.0,廣達
2017-08-14,72.5,72.599998,69.099998,69.900002,69.900002,11777000.0,廣達
2017-08-15,70.599998,71.599998,70.599998,71.199997,71.199997,4602000.0,廣達
2017-08-16,70.599998,70.599998,69.599998,70.0,70.0,8764000.0,廣達
2017-08-17,70.0,70.400002,69.800003,70.0,70.0,5227000.0,廣達
2017-08-18,69.599998,69.800003,68.699997,69.400002,69.400002,6801000.0,廣達
2017-08-21,69.099998,69.800003,68.900002,69.599998,69.599998,3572280.0,廣達
2017-08-22,69.699997,70.300003,69.400002,70.0,70.0,3893240.0,廣達
2017-08-23,70.0,70.099998,69.0,69.099998,69.099998,3783904.0,廣達
2017-08-24,69.0,69.800003,68.800003,69.0,69.0,4144057.0,廣達
2017-08-25,69.0,69.5,68.400002,68.599998,68.599998,11876148.0,廣達
2017-08-28,69.0,70.300003,68.900002,70.099998,70.099998,6213536.0,廣達
2017-08-29,70.0,70.0,68.199997,68.300003,68.300003,9937733.0,廣達
2017-08-30,68.5,69.0,68.199997,68.800003,68.800003,6199134.0,廣達
2017-08-31,69.099998,69.199997,68.599998,68.699997,68.699997,7210002.0,廣達
2017-09-01,68.800003,69.0,68.699997,68.699997,68.699997,3439789.0,廣達
2017-09-04,68.900002,69.199997,68.599998,68.800003,68.800003,2901645.0,廣達
2017-09-05,69.199997,69.199997,68.5,68.800003,68.800003,4687340.0,廣達
2017-09-06,68.5,68.800003,68.0,68.0,68.0,4302303.0,廣達
2017-09-07,68.099998,68.400002,67.5,67.800003,67.800003,4200865.0,廣達
2017-09-08,67.800003,67.800003,67.0,67.5,67.5,4447975.0,廣達
2017-09-11,67.900002,67.900002,67.5,67.699997,67.699997,3333494.0,廣達
2017-09-12,68.099998,68.699997,67.800003,68.300003,68.300003,3003709.0,廣達
2017-09-13,69.0,70.800003,68.699997,70.400002,70.400002,12159782.0,廣達
2017-09-14,70.400002,70.800003,69.0,70.0,70.0,7443885.0,廣達
2017-09-15,69.199997,70.199997,68.800003,68.800003,68.800003,9323420.0,廣達
2017-09-18,69.5,69.900002,68.900002,69.599998,69.599998,7259569.0,廣達
2017-09-19,69.800003,72.199997,69.699997,71.400002,71.400002,13150909.0,廣達
2017-09-20,71.400002,72.099998,70.199997,71.699997,71.699997,10990207.0,廣達
2017-09-21,70.300003,73.699997,70.300003,73.099998,73.099998,11739043.0,廣達
2017-09-22,73.0,73.099998,70.800003,70.800003,70.800003,8351456.0,廣達
2017-09-25,70.199997,70.5,68.199997,68.5,68.5,8456160.0,廣達
2017-09-26,68.5,69.099998,67.800003,69.099998,69.099998,6964038.0,廣達
2017-09-27,68.599998,68.699997,67.5,67.5,67.5,11314519.0,廣達
2017-09-28,68.199997,69.900002,67.900002,69.800003,69.800003,11613930.0,廣達
2017-09-29,70.599998,70.599998,68.900002,69.800003,69.800003,5617294.0,廣達
2017-10-02,69.5,70.800003,69.5,70.199997,70.199997,3555877.0,廣達
2017-10-03,70.0,70.300003,69.300003,70.199997,70.199997,3272912.0,廣達
2017-10-05,69.5,70.300003,69.5,69.800003,69.800003,2120581.0,廣達
2017-10-06,69.199997,69.599998,68.599998,69.300003,69.300003,5243152.0,廣達
2017-10-11,68.400002,69.400002,68.300003,69.0,69.0,8900504.0,廣達
2017-10-12,69.5,69.800003,69.0,69.599998,69.599998,4652133.0,廣達
2017-10-13,69.599998,69.699997,68.900002,69.099998,69.099998,1992244.0,廣達
2017-10-16,70.5,74.0,70.5,74.0,74.0,17482550.0,廣達
2017-10-17,74.400002,74.400002,72.800003,72.900002,72.900002,7396325.0,廣達
2017-10-18,73.800003,73.800003,71.5,72.300003,72.300003,6764071.0,廣達
2017-10-19,72.900002,74.599998,72.400002,73.199997,73.199997,5485909.0,廣達
2017-10-20,72.199997,72.699997,71.699997,71.699997,71.699997,6575047.0,廣達
2017-10-23,71.699997,72.5,71.699997,72.099998,72.099998,1930274.0,廣達
2017-10-24,72.800003,72.800003,71.0,71.300003,71.300003,3748211.0,廣達
2017-10-25,71.699997,71.800003,71.099998,71.300003,71.300003,2887018.0,廣達
2017-10-26,71.300003,71.400002,71.099998,71.199997,71.199997,1851885.0,廣達
2017-10-27,71.300003,71.300003,70.300003,70.900002,70.900002,3127558.0,廣達
2017-10-30,71.300003,71.599998,70.5,70.5,70.5,3336387.0,廣達
2017-10-31,70.400002,71.800003,70.099998,71.0,71.0,3990492.0,廣達
2017-11-01,71.0,71.0,70.599998,70.800003,70.800003,3759937.0,廣達
2017-11-02,70.800003,72.699997,70.800003,72.099998,72.099998,4536907.0,廣達
2017-11-03,71.900002,73.099998,71.699997,73.099998,73.099998,5557256.0,廣達
2017-11-06,72.800003,72.900002,71.699997,72.300003,72.300003,3406841.0,廣達
2017-11-07,72.199997,72.900002,71.800003,72.0,72.0,3800436.0,廣達
2017-11-08,72.0,72.199997,71.599998,71.599998,71.599998,4822905.0,廣達
2017-11-09,71.599998,72.300003,71.5,72.300003,72.300003,3752629.0,廣達
2017-11-10,72.400002,72.400002,71.300003,71.900002,71.900002,2471693.0,廣達
2017-11-13,72.400002,72.800003,71.400002,71.400002,71.400002,2897254.0,廣達
2017-11-14,71.199997,72.400002,70.900002,72.300003,72.300003,3650924.0,廣達
2017-11-15,68.599998,68.699997,65.099998,65.300003,65.300003,41686359.0,廣達
2017-11-16,65.099998,66.300003,64.0,66.199997,66.199997,11841997.0,廣達
2017-11-17,66.5,66.5,65.5,65.900002,65.900002,10131784.0,廣達
2017-11-20,66.5,66.599998,65.300003,66.099998,66.099998,8099111.0,廣達
2017-11-21,66.099998,66.900002,66.0,66.199997,66.199997,8653871.0,廣達
2017-11-22,66.400002,67.599998,66.300003,66.800003,66.800003,10563645.0,廣達
2017-11-23,66.800003,66.800003,65.300003,65.400002,65.400002,9770692.0,廣達
2017-11-24,65.400002,66.300003,65.199997,65.199997,65.199997,8000229.0,廣達
2017-11-27,65.199997,65.699997,64.699997,64.699997,64.699997,5799596.0,廣達
2017-11-28,65.0,65.400002,64.699997,64.699997,64.699997,3002375.0,廣達
2017-11-29,64.800003,64.900002,63.599998,63.599998,63.599998,8334803.0,廣達
2017-11-30,62.200001,62.599998,61.0,61.5,61.5,22464600.0,廣達
2017-12-01,61.700001,62.099998,61.099998,62.099998,62.099998,15653404.0,廣達
2017-12-04,62.099998,62.099998,61.299999,61.400002,61.400002,7832491.0,廣達
2017-12-05,61.400002,61.5,60.799999,60.799999,60.799999,9366204.0,廣達
2017-12-06,60.799999,61.400002,59.200001,59.299999,59.299999,14783998.0,廣達
2017-12-07,59.900002,60.200001,59.599998,59.700001,59.700001,7014381.0,廣達
2017-12-08,59.700001,60.099998,59.5,59.799999,59.799999,8080480.0,廣達
2017-12-11,59.900002,60.599998,59.900002,60.099998,60.099998,6412426.0,廣達
2017-12-12,60.5,61.5,60.299999,61.099998,61.099998,7734510.0,廣達
2017-12-13,61.400002,61.799999,60.700001,61.400002,61.400002,6033797.0,廣達
2017-12-14,61.799999,63.0,61.400002,62.200001,62.200001,8934465.0,廣達
2017-12-15,62.200001,62.200001,61.200001,61.299999,61.299999,7498578.0,廣達
2017-12-18,61.5,61.5,60.799999,61.0,61.0,3213218.0,廣達
2017-12-19,61.099998,61.599998,60.700001,60.700001,60.700001,3928033.0,廣達
2017-12-20,61.0,62.0,61.0,62.0,62.0,2780391.0,廣達
2017-12-21,62.099998,62.099998,61.0,61.0,61.0,3382277.0,廣達
2017-12-22,61.400002,61.599998,61.200001,61.5,61.5,2887362.0,廣達
2017-12-25,61.700001,61.700001,61.299999,61.400002,61.400002,964343.0,廣達
2017-12-26,61.400002,61.799999,61.0,61.200001,61.200001,1438358.0,廣達
2017-12-27,61.299999,61.599998,61.200001,61.299999,61.299999,1354622.0,廣達
2017-12-28,61.5,62.0,61.299999,61.5,61.5,4224801.0,廣達
2017-12-29,61.900002,62.5,61.5,61.900002,61.900002,8411902.0,廣達
2017-01-03,217.5,218.0,216.5,218.0,218.0,3403000.0,聯發科
2017-01-04,218.0,218.5,215.5,216.0,216.0,3332000.0,聯發科
2017-01-05,215.5,218.0,215.5,218.0,218.0,3647000.0,聯發科
2017-01-06,218.5,222.0,218.0,220.0,220.0,4246000.0,聯發科
2017-01-09,220.5,221.0,217.0,217.0,217.0,2441000.0,聯發科
2017-01-10,217.0,218.0,214.0,214.5,214.5,3954000.0,聯發科
2017-01-11,214.5,216.0,213.0,215.5,215.5,3967000.0,聯發科
2017-01-12,216.0,217.5,215.0,217.0,217.0,2714000.0,聯發科
2017-01-13,212.5,215.0,212.5,215.0,215.0,3723000.0,聯發科
2017-01-16,211.5,212.5,210.0,210.5,210.5,4837000.0,聯發科
2017-01-17,211.0,213.5,210.5,213.5,213.5,3230000.0,聯發科
2017-01-18,213.0,213.5,211.0,211.5,211.5,4684000.0,聯發科
2017-01-19,212.0,213.0,211.5,213.0,213.0,3823000.0,聯發科
2017-01-20,212.5,213.0,211.0,211.5,211.5,3661000.0,聯發科
2017-01-23,213.0,215.0,212.5,214.5,214.5,3686000.0,聯發科
2017-01-24,212.5,215.0,212.5,213.5,213.5,5771000.0,聯發科
2017-02-02,204.5,207.5,203.0,204.5,204.5,17460000.0,聯發科
2017-02-03,205.0,209.0,205.0,207.0,207.0,7663000.0,聯發科
2017-02-06,208.0,214.0,206.0,212.0,212.0,9082000.0,聯發科
2017-02-07,212.0,218.0,210.0,218.0,218.0,8804000.0,聯發科
2017-02-08,214.0,217.0,213.0,213.5,213.5,8490000.0,聯發科
2017-02-09,215.0,215.5,213.5,215.0,215.0,4841000.0,聯發科
2017-02-10,217.0,217.5,215.0,215.5,215.5,6355000.0,聯發科
2017-02-13,217.0,218.0,215.5,217.0,217.0,5549000.0,聯發科
2017-02-14,215.0,217.5,215.0,217.0,217.0,4604000.0,聯發科
2017-02-15,217.0,218.0,215.5,216.5,216.5,5806000.0,聯發科
2017-02-16,218.0,218.0,216.0,217.0,217.0,5237000.0,聯發科
2017-02-17,217.5,227.0,217.5,225.0,225.0,15689000.0,聯發科
2017-02-20,227.0,227.0,224.0,224.5,224.5,4617000.0,聯發科
2017-02-21,225.5,230.0,225.0,225.5,225.5,6929000.0,聯發科
2017-02-22,228.0,228.5,225.0,225.5,225.5,4512000.0,聯發科
2017-02-23,226.0,226.5,223.5,224.5,224.5,5733000.0,聯發科
2017-02-24,225.0,225.5,223.0,224.0,224.0,7611000.0,聯發科
2017-03-01,226.0,228.0,224.0,225.0,225.0,7513000.0,聯發科
2017-03-02,227.0,227.5,222.5,223.5,223.5,7700000.0,聯發科
2017-03-03,223.0,223.5,218.5,219.5,219.5,7710000.0,聯發科
2017-03-06,218.0,219.0,216.0,218.0,218.0,5254000.0,聯發科
2017-03-07,216.0,218.0,216.0,218.0,218.0,4281000.0,聯發科
2017-03-08,218.0,224.0,218.0,222.0,222.0,8795000.0,聯發科
2017-03-09,222.0,222.0,218.0,218.0,218.0,4509000.0,聯發科
2017-03-10,219.0,223.0,216.0,222.0,222.0,5633000.0,聯發科
2017-03-13,225.0,225.0,220.5,222.5,222.5,5828000.0,聯發科
2017-03-14,223.0,224.0,221.0,223.0,223.0,5670000.0,聯發科
2017-03-15,223.0,223.0,220.0,221.5,221.5,4497000.0,聯發科
2017-03-16,223.0,226.0,222.5,224.5,224.5,5465000.0,聯發科
2017-03-17,225.0,226.0,224.0,225.5,225.5,5994000.0,聯發科
2017-03-20,225.0,226.0,224.0,226.0,226.0,4087000.0,聯發科
2017-03-21,227.0,231.5,226.5,230.0,230.0,11710000.0,聯發科
2017-03-22,227.0,228.0,225.0,227.5,227.5,4936000.0,聯發科
2017-03-23,226.5,227.5,223.5,224.0,224.0,5857000.0,聯發科
2017-03-24,222.0,223.5,222.0,223.0,223.0,3290000.0,聯發科
2017-03-27,222.0,225.0,221.0,224.0,224.0,3507000.0,聯發科
2017-03-28,225.0,225.0,221.0,223.0,223.0,3138000.0,聯發科
2017-03-29,222.0,222.5,218.0,219.0,219.0,7769000.0,聯發科
2017-03-30,218.5,220.5,218.0,218.5,218.5,3256000.0,聯發科
2017-03-31,217.5,218.5,214.5,215.0,215.0,7071000.0,聯發科
2017-04-05,214.0,220.0,214.0,220.0,220.0,6211000.0,聯發科
2017-04-06,219.0,219.5,216.0,217.0,217.0,4412000.0,聯發科
2017-04-07,217.0,218.5,215.0,216.5,216.5,3697000.0,聯發科
2017-04-10,216.5,219.0,216.0,217.0,217.0,3905000.0,聯發科
2017-04-11,217.0,217.0,212.0,212.0,212.0,4660000.0,聯發科
2017-04-12,212.0,216.0,212.0,214.0,214.0,4489000.0,聯發科
2017-04-13,213.5,215.5,213.0,213.0,213.0,3610000.0,聯發科
2017-04-14,214.0,214.5,212.0,212.0,212.0,2310000.0,聯發科
2017-04-17,212.0,213.5,210.0,211.0,211.0,2315000.0,聯發科
2017-04-18,213.5,213.5,210.5,212.5,212.5,3701000.0,聯發科
2017-04-19,212.5,217.5,212.0,214.0,214.0,5889000.0,聯發科
2017-04-20,214.0,216.5,213.0,215.0,215.0,3633000.0,聯發科
2017-04-21,216.5,217.0,214.0,215.0,215.0,2407000.0,聯發科
2017-04-24,215.5,216.0,214.0,215.0,215.0,1672000.0,聯發科
2017-04-25,215.5,215.5,214.0,215.0,215.0,4827000.0,聯發科
2017-04-26,215.0,215.0,212.0,213.5,213.5,5084000.0,聯發科
2017-04-27,214.0,217.5,214.0,217.0,217.0,3602000.0,聯發科
2017-04-28,216.5,218.0,215.5,217.0,217.0,3397000.0,聯發科
2017-05-02,214.5,224.0,214.5,221.5,221.5,11417000.0,聯發科
2017-05-03,220.0,221.0,217.0,218.5,218.5,4582000.0,聯發科
2017-05-04,218.0,219.0,216.5,218.0,218.0,2374000.0,聯發科
2017-05-05,217.0,217.5,216.0,216.0,216.0,1229000.0,聯發科
2017-05-08,216.0,216.0,212.0,212.5,212.5,4760000.0,聯發科
2017-05-09,211.0,212.5,208.0,208.0,208.0,5119000.0,聯發科
2017-05-10,210.0,211.0,206.0,209.0,209.0,4413000.0,聯發科
2017-05-11,208.5,214.5,208.5,213.5,213.5,6470000.0,聯發科
2017-05-12,213.5,214.5,211.5,214.5,214.5,4692000.0,聯發科
2017-05-15,214.0,215.0,213.0,214.5,214.5,3073000.0,聯發科
2017-05-16,214.5,216.0,211.5,211.5,211.5,5407000.0,聯發科
2017-05-17,212.0,213.5,211.5,213.0,213.0,3570000.0,聯發科
2017-05-18,210.5,213.5,210.0,213.0,213.0,4654000.0,聯發科
2017-05-19,213.0,213.0,212.0,212.5,212.5,1824000.0,聯發科
2017-05-22,212.0,212.0,208.5,209.0,209.0,4181000.0,聯發科
2017-05-23,208.0,209.0,208.0,208.0,208.0,4239000.0,聯發科
2017-05-24,213.5,218.5,212.0,216.5,216.5,15510000.0,聯發科
2017-05-25,224.5,230.5,221.0,228.5,228.5,23568000.0,聯發科
2017-05-26,229.5,231.0,227.5,229.5,229.5,12758000.0,聯發科
2017-05-31,230.0,232.0,229.0,230.0,230.0,11672000.0,聯發科
2017-06-01,230.0,231.0,227.5,228.0,228.0,5294000.0,聯發科
2017-06-02,230.0,236.0,229.5,234.0,234.0,11260000.0,聯發科
2017-06-05,238.5,243.5,238.0,243.0,243.0,12226000.0,聯發科
2017-06-06,246.0,246.0,240.0,245.0,245.0,9704000.0,聯發科
2017-06-07,245.5,253.0,243.0,252.0,252.0,17411000.0,聯發科
2017-06-08,249.5,258.0,247.5,254.0,254.0,16218000.0,聯發科
2017-06-09,252.0,255.0,250.5,250.5,250.5,9941000.0,聯發科
2017-06-12,247.5,251.5,246.0,248.5,248.5,6066000.0,聯發科
2017-06-13,248.5,252.0,246.5,247.0,247.0,5346000.0,聯發科
2017-06-14,248.5,251.0,245.5,250.0,250.0,6611000.0,聯發科
2017-06-15,249.5,252.0,248.5,251.0,251.0,5915000.0,聯發科
2017-06-16,249.0,253.0,247.0,253.0,253.0,7998000.0,聯發科
2017-06-19,253.0,258.0,253.0,255.5,255.5,5502000.0,聯發科
2017-06-20,256.5,257.5,255.0,257.5,257.5,5509000.0,聯發科
2017-06-21,260.0,273.0,260.0,269.5,269.5,21193000.0,聯發科
2017-06-22,272.0,274.0,268.0,271.0,271.0,9182000.0,聯發科
2017-06-23,269.5,272.0,265.5,265.5,265.5,6092000.0,聯發科
2017-06-26,264.5,270.5,264.0,269.5,269.5,7799000.0,聯發科
2017-06-27,270.0,273.0,268.0,270.0,270.0,5658000.0,聯發科
2017-06-28,267.0,268.0,263.0,264.0,264.0,6603000.0,聯發科
2017-06-29,267.0,269.0,265.5,267.5,267.5,5434000.0,聯發科
2017-06-30,263.0,263.5,259.0,260.5,260.5,10253000.0,聯發科
2017-07-03,263.0,270.5,263.0,267.5,267.5,9996000.0,聯發科
2017-07-04,266.5,268.5,263.5,263.5,263.5,5134000.0,聯發科
2017-07-05,263.5,266.5,261.5,265.0,265.0,9453000.0,聯發科
2017-07-06,258.0,258.5,253.0,253.0,253.0,9471000.0,聯發科
2017-07-07,251.0,251.5,248.5,250.0,250.0,4608000.0,聯發科
2017-07-10,251.5,252.5,246.0,247.0,247.0,5385000.0,聯發科
2017-07-11,249.5,255.5,248.0,254.0,254.0,6013000.0,聯發科
2017-07-12,254.0,256.5,252.5,254.5,254.5,5388000.0,聯發科
2017-07-13,255.0,256.0,252.0,252.0,252.0,3417000.0,聯發科
2017-07-14,254.0,255.0,252.5,254.5,254.5,2618000.0,聯發科
2017-07-17,256.0,256.0,252.5,254.5,254.5,2962000.0,聯發科
2017-07-18,254.5,254.5,248.5,251.0,251.0,4379000.0,聯發科
2017-07-19,252.0,263.0,252.0,261.0,261.0,13654000.0,聯發科
2017-07-20,261.0,263.0,258.0,259.0,259.0,5329000.0,聯發科
2017-07-21,259.0,260.0,255.5,255.5,255.5,3599000.0,聯發科
2017-07-24,253.0,254.5,249.0,253.5,253.5,5577000.0,聯發科
2017-07-25,253.5,257.0,251.0,256.0,256.0,7255000.0,聯發科
2017-07-26,259.0,264.0,258.0,259.0,259.0,13047000.0,聯發科
2017-07-27,259.0,265.5,257.0,263.0,263.0,11908000.0,聯發科
2017-07-28,263.0,270.0,261.0,266.5,266.5,13178000.0,聯發科
2017-07-31,265.5,271.0,261.0,266.0,266.0,9531000.0,聯發科
2017-08-01,278.0,292.5,275.0,292.5,292.5,27522000.0,聯發科
2017-08-02,300.0,303.0,297.5,300.0,300.0,25444000.0,聯發科
2017-08-03,296.0,297.5,291.0,291.0,291.0,8943000.0,聯發科
2017-08-04,292.0,294.5,288.0,290.0,290.0,6986000.0,聯發科
2017-08-07,290.0,292.0,286.5,289.0,289.0,11135000.0,聯發科
2017-08-08,286.5,289.0,280.0,287.0,287.0,12713000.0,聯發科
2017-08-09,282.0,286.5,282.0,284.0,284.0,5732000.0,聯發科
2017-08-10,284.0,288.0,279.0,280.0,280.0,6899000.0,聯發科
2017-08-11,279.5,286.5,276.0,286.0,286.0,6111000.0,聯發科
2017-08-14,285.0,285.0,280.0,280.0,280.0,4581000.0,聯發科
2017-08-15,281.0,284.0,271.0,271.5,271.5,11565000.0,聯發科
2017-08-16,272.5,276.0,270.0,273.0,273.0,7302000.0,聯發科
2017-08-17,274.5,275.0,270.5,272.0,272.0,5031000.0,聯發科
2017-08-18,266.0,269.5,264.5,267.5,267.5,5741000.0,聯發科
2017-08-21,266.0,273.0,264.0,272.0,272.0,5997487.0,聯發科
2017-08-22,272.5,274.5,270.0,270.5,270.5,4224979.0,聯發科
2017-08-23,276.0,279.0,270.5,271.0,271.0,7304257.0,聯發科
2017-08-24,270.0,274.0,270.0,273.0,273.0,3828042.0,聯發科
2017-08-25,272.5,273.0,269.0,269.0,269.0,5926124.0,聯發科
2017-08-28,270.0,272.0,268.0,271.5,271.5,2632943.0,聯發科
2017-08-29,269.5,270.0,267.0,267.0,267.0,3518006.0,聯發科
2017-08-30,270.5,272.0,268.0,268.5,268.5,3422299.0,聯發科
2017-08-31,271.5,275.5,270.5,270.5,270.5,9081408.0,聯發科
2017-09-01,274.5,274.5,271.0,272.0,272.0,4452924.0,聯發科
2017-09-04,270.5,271.5,268.5,271.0,271.0,2430050.0,聯發科
2017-09-05,272.5,279.5,271.0,279.5,279.5,6238464.0,聯發科
2017-09-06,278.5,278.5,271.0,271.5,271.5,7551773.0,聯發科
2017-09-07,271.5,277.5,271.5,272.5,272.5,5622648.0,聯發科
2017-09-08,275.5,276.0,271.0,274.5,274.5,5445804.0,聯發科
2017-09-11,276.0,279.5,275.0,279.0,279.0,6872066.0,聯發科
2017-09-12,282.0,283.0,275.0,275.5,275.5,6680350.0,聯發科
2017-09-13,277.0,277.5,273.0,275.0,275.0,4256271.0,聯發科
2017-09-14,272.5,294.5,272.5,287.0,287.0,17341006.0,聯發科
2017-09-15,294.0,294.5,290.0,292.0,292.0,13364831.0,聯發科
2017-09-18,299.5,302.0,292.5,292.5,292.5,7120717.0,聯發科
2017-09-19,295.5,297.5,292.0,293.0,293.0,6135117.0,聯發科
2017-09-20,292.0,294.0,282.5,290.0,290.0,8499483.0,聯發科
2017-09-21,285.0,294.5,285.0,293.5,293.5,6051869.0,聯發科
2017-09-22,293.5,294.5,286.0,286.0,286.0,4793035.0,聯發科
2017-09-25,286.0,290.0,281.0,285.5,285.5,4673144.0,聯發科
2017-09-26,285.5,289.0,282.0,282.0,282.0,3600978.0,聯發科
2017-09-27,285.0,290.0,284.5,287.5,287.5,6917649.0,聯發科
2017-09-28,289.0,294.0,288.0,291.0,291.0,8607612.0,聯發科
2017-09-29,290.0,291.0,284.5,284.5,284.5,7326675.0,聯發科
2017-10-02,293.0,293.5,287.5,288.0,288.0,4691717.0,聯發科
2017-10-03,289.0,289.5,285.5,288.0,288.0,4003475.0,聯發科
2017-10-05,290.0,290.5,284.5,285.0,285.0,5068194.0,聯發科
2017-10-06,289.0,295.0,288.0,291.0,291.0,10976211.0,聯發科
2017-10-11,298.0,306.5,296.0,306.0,306.0,18218715.0,聯發科
2017-10-12,308.0,309.0,303.0,303.5,303.5,16332612.0,聯發科
2017-10-13,309.0,322.0,308.0,322.0,322.0,25082732.0,聯發科
2017-10-16,320.5,330.0,318.0,326.0,326.0,18159999.0,聯發科
2017-10-17,326.0,327.0,320.5,321.0,321.0,8698007.0,聯發科
2017-10-18,321.0,322.0,312.5,314.5,314.5,8309166.0,聯發科
2017-10-19,317.0,323.5,316.0,316.5,316.5,7519592.0,聯發科
2017-10-20,316.5,319.5,313.0,313.0,313.0,7447318.0,聯發科
2017-10-23,321.0,322.5,318.5,320.5,320.5,6564806.0,聯發科
2017-10-24,318.5,322.5,315.0,321.5,321.5,4263073.0,聯發科
2017-10-25,328.0,334.0,326.0,328.0,328.0,11984238.0,聯發科
2017-10-26,327.0,339.5,326.0,338.5,338.5,9927715.0,聯發科
2017-10-27,338.5,346.0,330.0,330.0,330.0,12505057.0,聯發科
2017-10-30,335.0,337.0,326.5,334.5,334.5,7630413.0,聯發科
2017-10-31,336.0,350.0,333.0,342.5,342.5,14831751.0,聯發科
2017-11-01,350.5,350.5,338.0,338.0,338.0,13411322.0,聯發科
2017-11-02,337.5,344.0,336.0,336.0,336.0,6780834.0,聯發科
2017-11-03,338.0,341.5,332.0,335.0,335.0,8807838.0,聯發科
2017-11-06,331.5,332.5,323.0,328.0,328.0,13130766.0,聯發科
2017-11-07,330.0,338.5,330.0,337.5,337.5,7730251.0,聯發科
2017-11-08,337.0,339.0,332.0,336.5,336.5,4448375.0,聯發科
2017-11-09,336.5,341.0,328.0,331.0,331.0,5387287.0,聯發科
2017-11-10,323.0,326.0,307.5,326.0,326.0,15697597.0,聯發科
2017-11-13,323.5,324.5,317.5,317.5,317.5,6588631.0,聯發科
2017-11-14,326.0,332.5,322.0,326.0,326.0,8063450.0,聯發科
2017-11-15,323.0,325.0,319.0,322.0,322.0,5776318.0,聯發科
2017-11-16,322.0,325.0,319.5,320.5,320.5,4947048.0,聯發科
2017-11-17,327.0,330.0,325.0,329.5,329.5,6854773.0,聯發科
2017-11-20,334.0,334.0,319.0,320.0,320.0,6000173.0,聯發科
2017-11-21,320.5,323.5,316.0,322.0,322.0,6266273.0,聯發科
2017-11-22,324.0,332.0,322.5,327.0,327.0,7402234.0,聯發科
2017-11-23,331.5,333.5,326.5,327.0,327.0,4104085.0,聯發科
2017-11-24,330.0,330.0,324.0,326.0,326.0,3238485.0,聯發科
2017-11-27,328.0,331.0,324.5,330.5,330.5,3919596.0,聯發科
2017-11-28,337.0,337.0,328.5,331.0,331.0,7460233.0,聯發科
2017-11-29,334.5,336.5,332.0,334.5,334.5,4474461.0,聯發科
2017-11-30,336.0,336.5,318.5,326.0,326.0,9772780.0,聯發科
2017-12-01,326.5,329.0,312.0,315.0,315.0,7919572.0,聯發科
2017-12-04,315.0,320.5,315.0,320.0,320.0,4552823.0,聯發科
2017-12-05,318.0,320.0,315.0,318.0,318.0,2998874.0,聯發科
2017-12-06,318.0,318.0,286.5,286.5,286.5,17346883.0,聯發科
2017-12-07,289.0,293.0,284.5,287.5,287.5,11079895.0,聯發科
2017-12-08,291.0,297.5,287.5,296.0,296.0,7051528.0,聯發科
2017-12-11,297.5,301.5,296.0,299.5,299.5,3470565.0,聯發科
2017-12-12,299.5,300.0,291.0,296.0,296.0,3935176.0,聯發科
2017-12-13,298.0,299.0,291.0,291.0,291.0,4712816.0,聯發科
2017-12-14,291.5,295.5,289.0,289.5,289.5,4395536.0,聯發科
2017-12-15,287.5,289.0,276.0,285.0,285.0,12426779.0,聯發科
2017-12-18,285.0,289.0,280.0,287.5,287.5,5170946.0,聯發科
2017-12-19,289.0,294.0,287.5,294.0,294.0,5989588.0,聯發科
2017-12-20,294.0,294.0,288.0,292.5,292.5,2430748.0,聯發科
2017-12-21,293.0,296.0,290.0,290.0,290.0,2601721.0,聯發科
2017-12-22,292.5,293.5,289.0,290.5,290.5,2119223.0,聯發科
2017-12-25,291.0,291.5,286.0,287.0,287.0,1436728.0,聯發科
2017-12-26,287.5,288.0,277.0,280.0,280.0,5960186.0,聯發科
2017-12-27,280.0,283.5,276.5,283.0,283.0,4375518.0,聯發科
2017-12-28,281.0,287.5,281.0,286.0,286.0,4585851.0,聯發科
2017-12-29,288.5,294.0,287.0,294.0,294.0,5105493.0,聯發科
2017-01-03,77.400002,78.800003,77.099998,78.400002,78.400002,5103000.0,和碩
2017-01-04,78.400002,79.699997,78.0,79.199997,79.199997,6368000.0,和碩
2017-01-05,78.400002,78.800003,77.900002,78.0,78.0,7300000.0,和碩
2017-01-06,78.099998,78.5,78.0,78.0,78.0,2699000.0,和碩
2017-01-09,78.5,78.800003,77.800003,77.900002,77.900002,3901000.0,和碩
2017-01-10,78.400002,79.199997,78.300003,78.800003,78.800003,5511000.0,和碩
2017-01-11,73.300003,74.800003,73.300003,74.0,74.0,23908000.0,和碩
2017-01-12,72.0,73.699997,72.0,72.699997,72.699997,15134000.0,和碩
2017-01-13,72.900002,73.800003,72.800003,73.400002,73.400002,9759000.0,和碩
2017-01-16,74.0,74.0,72.5,73.800003,73.800003,8073000.0,和碩
2017-01-17,73.099998,74.0,73.099998,73.5,73.5,6409000.0,和碩
2017-01-18,73.599998,74.0,73.300003,73.5,73.5,7783000.0,和碩
2017-01-19,73.599998,74.599998,73.599998,74.5,74.5,7134000.0,和碩
2017-01-20,74.099998,74.599998,73.599998,74.0,74.0,4594000.0,和碩
2017-01-23,74.199997,75.0,74.199997,74.699997,74.699997,5039000.0,和碩
2017-01-24,75.0,75.5,74.900002,75.099998,75.099998,5221000.0,和碩
2017-02-02,77.400002,77.400002,75.099998,76.0,76.0,12487000.0,和碩
2017-02-03,76.0,76.5,75.699997,76.099998,76.099998,6307000.0,和碩
2017-02-06,76.800003,78.199997,76.599998,76.800003,76.800003,7108000.0,和碩
2017-02-07,76.800003,78.900002,76.800003,78.0,78.0,7229000.0,和碩
2017-02-08,77.699997,78.400002,76.699997,78.199997,78.199997,9364000.0,和碩
2017-02-09,77.5,79.0,77.400002,79.0,79.0,8152000.0,和碩
2017-02-10,81.0,83.5,81.0,82.599998,82.599998,19997000.0,和碩
2017-02-13,83.0,83.5,82.0,83.0,83.0,12554000.0,和碩
2017-02-14,83.0,83.699997,82.0,82.199997,82.199997,11252000.0,和碩
2017-02-15,82.199997,83.400002,81.800003,82.5,82.5,12072000.0,和碩
2017-02-16,82.699997,83.400002,81.599998,81.699997,81.699997,7009000.0,和碩
2017-02-17,81.5,82.0,80.0,80.099998,80.099998,9157000.0,和碩
2017-02-20,81.0,81.300003,80.0,80.0,80.0,7668000.0,和碩
2017-02-21,80.199997,80.699997,80.0,80.300003,80.300003,4206000.0,和碩
2017-02-22,81.5,82.400002,81.400002,81.800003,81.800003,10992000.0,和碩
2017-02-23,81.099998,82.300003,80.800003,81.300003,81.300003,6456000.0,和碩
2017-02-24,81.400002,81.400002,80.400002,80.699997,80.699997,5335000.0,和碩
2017-03-01,80.400002,81.900002,80.400002,81.300003,81.300003,5919000.0,和碩
2017-03-02,82.0,82.300003,81.0,81.300003,81.300003,7779000.0,和碩
2017-03-03,81.199997,82.0,80.800003,81.900002,81.900002,5750000.0,和碩
2017-03-06,81.800003,81.800003,81.199997,81.400002,81.400002,3507000.0,和碩
2017-03-07,81.599998,82.0,81.0,82.0,82.0,6465000.0,和碩
2017-03-08,81.5,82.099998,81.300003,82.099998,82.099998,4366000.0,和碩
2017-03-09,82.400002,82.400002,81.300003,81.5,81.5,5953000.0,和碩
2017-03-10,81.699997,82.099998,80.800003,82.099998,82.099998,3573000.0,和碩
2017-03-13,82.300003,82.300003,81.800003,82.199997,82.199997,2535000.0,和碩
2017-03-14,82.5,82.800003,82.199997,82.800003,82.800003,5295000.0,和碩
2017-03-15,82.699997,82.900002,82.099998,82.699997,82.699997,5372000.0,和碩
2017-03-16,84.0,85.300003,84.0,84.800003,84.800003,17757000.0,和碩
2017-03-17,85.199997,85.300003,84.300003,85.0,85.0,10157000.0,和碩
2017-03-20,84.5,86.5,84.5,86.099998,86.099998,6318000.0,和碩
2017-03-21,87.5,90.0,87.400002,88.300003,88.300003,18599000.0,和碩
2017-03-22,87.300003,87.800003,86.300003,87.800003,87.800003,5983000.0,和碩
2017-03-23,89.099998,89.099998,87.099998,87.5,87.5,6433000.0,和碩
2017-03-24,87.0,87.099998,86.099998,86.199997,86.199997,6353000.0,和碩
2017-03-27,86.300003,88.199997,86.300003,87.900002,87.900002,6761000.0,和碩
2017-03-28,88.300003,88.800003,87.099998,87.800003,87.800003,7222000.0,和碩
2017-03-29,88.5,88.900002,88.300003,88.800003,88.800003,5041000.0,和碩
2017-03-30,89.199997,89.199997,88.300003,88.300003,88.300003,4605000.0,和碩
2017-03-31,88.5,89.800003,88.5,89.800003,89.800003,10450000.0,和碩
2017-04-05,91.800003,91.800003,90.199997,91.0,91.0,9314000.0,和碩
2017-04-06,91.0,91.0,89.900002,90.199997,90.199997,6424000.0,和碩
2017-04-07,90.0,90.199997,89.099998,89.300003,89.300003,3854000.0,和碩
2017-04-10,89.199997,89.800003,88.599998,89.0,89.0,3002000.0,和碩
2017-04-11,89.0,89.0,87.800003,87.900002,87.900002,5486000.0,和碩
2017-04-12,87.400002,87.900002,86.699997,87.599998,87.599998,7404000.0,和碩
2017-04-13,87.5,89.599998,87.5,88.599998,88.599998,7799000.0,和碩
2017-04-14,88.199997,88.900002,87.800003,88.400002,88.400002,3061000.0,和碩
2017-04-17,89.199997,89.199997,86.599998,87.400002,87.400002,3185000.0,和碩
2017-04-18,87.800003,88.900002,87.599998,88.699997,88.699997,4130000.0,和碩
2017-04-19,88.0,88.699997,87.0,87.0,87.0,4788000.0,和碩
2017-04-20,86.199997,87.099998,85.199997,85.199997,85.199997,7080000.0,和碩
2017-04-21,86.099998,87.5,86.099998,87.400002,87.400002,6047000.0,和碩
2017-04-24,87.900002,88.599998,87.0,87.300003,87.300003,2690000.0,和碩
2017-04-25,88.0,88.900002,87.5,88.900002,88.900002,4680000.0,和碩
2017-04-26,89.599998,90.0,88.599998,90.0,90.0,5988000.0,和碩
2017-04-27,89.800003,89.800003,88.199997,88.5,88.5,4563000.0,和碩
2017-04-28,88.099998,89.099998,88.0,88.900002,88.900002,4176000.0,和碩
2017-05-02,89.5,90.0,89.300003,90.0,90.0,3559000.0,和碩
2017-05-03,90.0,90.099998,89.400002,90.0,90.0,3215000.0,和碩
2017-05-04,90.400002,91.0,89.900002,91.0,91.0,4754000.0,和碩
2017-05-05,91.099998,91.400002,89.699997,90.0,90.0,3470000.0,和碩
2017-05-08,90.699997,91.0,89.5,89.699997,89.699997,5589000.0,和碩
2017-05-09,89.599998,91.5,89.400002,89.699997,89.699997,8671000.0,和碩
2017-05-10,89.0,89.599998,88.199997,89.0,89.0,14607000.0,和碩
2017-05-11,88.699997,89.099998,87.800003,88.0,88.0,10793000.0,和碩
2017-05-12,88.0,89.300003,87.599998,88.199997,88.199997,7339000.0,和碩
2017-05-15,88.400002,90.599998,88.300003,90.5,90.5,8834000.0,和碩
2017-05-16,90.699997,93.5,90.699997,93.0,93.0,15257000.0,和碩
2017-05-17,93.199997,93.199997,91.599998,92.599998,92.599998,5496000.0,和碩
2017-05-18,90.0,91.0,89.800003,90.699997,90.699997,5325000.0,和碩
2017-05-19,90.800003,91.400002,90.099998,90.199997,90.199997,4056000.0,和碩
2017-05-22,91.900002,92.900002,91.0,92.800003,92.800003,5830000.0,和碩
2017-05-23,92.800003,93.0,91.300003,91.400002,91.400002,3769000.0,和碩
2017-05-24,92.400002,93.199997,91.300003,92.400002,92.400002,4785000.0,和碩
2017-05-25,92.199997,92.800003,91.800003,92.300003,92.300003,3778000.0,和碩
2017-05-26,92.699997,92.699997,92.0,92.300003,92.300003,2943000.0,和碩
2017-05-31,93.0,93.300003,92.599998,92.800003,92.800003,9201000.0,和碩
2017-06-01,92.5,93.0,92.0,92.5,92.5,3383000.0,和碩
2017-06-02,93.0,93.300003,92.699997,93.300003,93.300003,3810000.0,和碩
2017-06-05,93.0,95.0,92.699997,94.699997,94.699997,6122000.0,和碩
2017-06-06,93.900002,94.699997,93.5,94.099998,94.099998,3780000.0,和碩
2017-06-07,93.599998,94.099998,93.0,93.599998,93.599998,4928000.0,和碩
2017-06-08,93.599998,94.400002,93.300003,94.099998,94.099998,3282000.0,和碩
2017-06-09,94.099998,94.099998,93.0,93.199997,93.199997,5311000.0,和碩
2017-06-12,94.0,94.0,91.699997,91.699997,91.699997,5333000.0,和碩
2017-06-13,92.0,92.800003,92.0,92.199997,92.199997,2633000.0,和碩
2017-06-14,91.5,92.0,91.099998,91.699997,91.699997,3749000.0,和碩
2017-06-15,90.900002,93.0,90.900002,92.699997,92.699997,3712000.0,和碩
2017-06-16,92.300003,92.900002,92.0,92.0,92.0,6382000.0,和碩
2017-06-19,92.099998,95.400002,92.099998,95.0,95.0,8462000.0,和碩
2017-06-20,94.599998,99.800003,94.5,98.5,98.5,17131000.0,和碩
2017-06-21,98.5,98.5,96.0,97.0,97.0,8166000.0,和碩
2017-06-22,97.800003,98.199997,97.099998,97.300003,97.300003,4673000.0,和碩
2017-06-23,97.300003,97.300003,96.699997,96.900002,96.900002,4102000.0,和碩
2017-06-26,96.699997,99.099998,96.400002,98.400002,98.400002,10469000.0,和碩
2017-06-27,98.699997,99.0,97.099998,97.900002,97.900002,5230000.0,和碩
2017-06-28,97.5,97.900002,95.5,95.599998,95.599998,9032000.0,和碩
2017-06-29,96.300003,97.199997,95.400002,96.300003,96.300003,7297000.0,和碩
2017-06-30,95.199997,96.0,95.099998,95.300003,95.300003,4852000.0,和碩
2017-07-03,96.099998,98.0,95.800003,97.599998,97.599998,5231000.0,和碩
2017-07-04,97.599998,98.5,96.400002,96.699997,96.699997,5956000.0,和碩
2017-07-05,97.300003,98.800003,97.0,98.199997,98.199997,5604000.0,和碩
2017-07-06,98.400002,98.5,97.5,98.199997,98.199997,3483000.0,和碩
2017-07-07,97.099998,97.900002,96.900002,96.900002,96.900002,2905000.0,和碩
2017-07-10,97.0,97.199997,96.599998,97.099998,97.099998,3517000.0,和碩
2017-07-11,97.099998,99.099998,97.0,99.0,99.0,7046000.0,和碩
2017-07-12,99.599998,99.699997,98.099998,98.099998,98.099998,4957000.0,和碩
2017-07-13,98.800003,99.5,98.5,99.300003,99.300003,5954000.0,和碩
2017-07-14,99.5,99.5,98.199997,98.800003,98.800003,3651000.0,和碩
2017-07-17,98.800003,99.199997,98.300003,98.5,98.5,1819000.0,和碩
2017-07-18,99.0,99.0,98.300003,98.599998,98.599998,2807000.0,和碩
2017-07-19,98.699997,100.0,97.599998,98.099998,98.099998,5929000.0,和碩
2017-07-20,98.300003,99.099998,97.900002,98.599998,98.599998,4080000.0,和碩
2017-07-21,98.599998,98.599998,98.0,98.199997,98.199997,2319000.0,和碩
2017-07-24,98.099998,98.900002,98.099998,98.800003,98.800003,3554000.0,和碩
2017-07-25,98.199997,98.599998,96.699997,98.5,98.5,5542000.0,和碩
2017-07-26,98.0,98.599998,98.0,98.5,98.5,3580000.0,和碩
2017-07-27,98.5,99.0,98.099998,98.900002,98.900002,5974000.0,和碩
2017-07-28,98.400002,98.5,98.0,98.0,98.0,5132000.0,和碩
2017-07-31,96.5,98.599998,96.5,98.599998,98.599998,16901000.0,和碩
2017-08-01,93.300003,95.199997,93.199997,94.699997,94.699997,7324000.0,和碩
2017-08-02,95.699997,95.900002,94.599998,95.199997,95.199997,6198000.0,和碩
2017-08-03,94.0,95.5,93.800003,94.900002,94.900002,6592000.0,和碩
2017-08-04,96.0,96.099998,95.0,95.400002,95.400002,3765000.0,和碩
2017-08-07,95.800003,96.099998,95.400002,96.099998,96.099998,2371000.0,和碩
2017-08-08,96.199997,97.5,95.199997,95.400002,95.400002,7451000.0,和碩
2017-08-09,96.0,96.0,94.699997,94.800003,94.800003,4983000.0,和碩
2017-08-10,95.300003,95.400002,92.0,92.199997,92.199997,7589000.0,和碩
2017-08-11,90.199997,91.599998,90.099998,90.400002,90.400002,12228000.0,和碩
2017-08-14,90.699997,91.0,89.199997,89.5,89.5,6497000.0,和碩
2017-08-15,91.0,91.0,90.5,90.800003,90.800003,5333000.0,和碩
2017-08-16,90.199997,91.300003,90.0,90.599998,90.599998,4928000.0,和碩
2017-08-17,92.300003,92.300003,91.199997,92.099998,92.099998,3045000.0,和碩
2017-08-18,91.900002,92.0,91.099998,92.0,92.0,3201000.0,和碩
2017-08-21,92.0,92.0,90.900002,91.400002,91.400002,1357920.0,和碩
2017-08-22,92.400002,93.0,91.900002,92.5,92.5,3523206.0,和碩
2017-08-23,93.599998,93.599998,92.0,92.5,92.5,2771765.0,和碩
2017-08-24,91.599998,93.5,91.599998,93.400002,93.400002,3548766.0,和碩
2017-08-25,93.900002,94.0,93.0,94.0,94.0,3442648.0,和碩
2017-08-28,94.0,94.099998,93.300003,93.900002,93.900002,1918125.0,和碩
2017-08-29,94.099998,94.199997,92.599998,93.199997,93.199997,4974606.0,和碩
2017-08-30,94.400002,95.0,94.199997,94.800003,94.800003,4369206.0,和碩
2017-08-31,95.099998,95.199997,94.699997,95.0,95.0,5561655.0,和碩
2017-09-01,95.0,95.0,94.0,94.300003,94.300003,3887771.0,和碩
2017-09-04,94.0,94.199997,93.300003,93.599998,93.599998,1900377.0,和碩
2017-09-05,93.599998,94.0,92.599998,93.0,93.0,4423096.0,和碩
2017-09-06,92.699997,93.800003,92.5,93.199997,93.199997,4428212.0,和碩
2017-09-07,93.300003,94.400002,93.199997,94.400002,94.400002,6328634.0,和碩
2017-09-08,95.0,95.0,93.900002,94.400002,94.400002,7761370.0,和碩
2017-09-11,94.900002,94.900002,92.599998,92.800003,92.800003,4307558.0,和碩
2017-09-12,93.300003,93.300003,91.099998,91.800003,91.800003,6542414.0,和碩
2017-09-13,89.0,90.0,88.800003,89.0,89.0,13201246.0,和碩
2017-09-14,88.300003,88.5,86.300003,87.199997,87.199997,10733325.0,和碩
2017-09-15,87.0,88.5,87.0,88.5,88.5,9492495.0,和碩
2017-09-18,89.0,89.0,86.599998,87.300003,87.300003,8771974.0,和碩
2017-09-19,87.199997,87.199997,85.5,85.699997,85.699997,8140898.0,和碩
2017-09-20,85.300003,85.699997,84.0,84.099998,84.099998,10555674.0,和碩
2017-09-21,83.5,85.300003,83.199997,84.800003,84.800003,8679342.0,和碩
2017-09-22,84.199997,84.300003,81.199997,81.300003,81.300003,15238680.0,和碩
2017-09-25,81.0,81.0,77.699997,77.699997,77.699997,21545480.0,和碩
2017-09-26,77.699997,78.599998,76.099998,76.099998,76.099998,17408845.0,和碩
2017-09-27,79.0,79.099998,77.5,78.0,78.0,8938617.0,和碩
2017-09-28,79.0,80.699997,78.199997,79.699997,79.699997,13614052.0,和碩
2017-09-29,80.900002,80.900002,77.699997,78.699997,78.699997,9043345.0,和碩
2017-10-02,80.800003,82.0,79.800003,81.699997,81.699997,11111939.0,和碩
2017-10-03,81.900002,82.0,79.699997,80.099998,80.099998,11342515.0,和碩
2017-10-05,81.0,81.400002,80.300003,81.0,81.0,7148681.0,和碩
2017-10-06,82.300003,82.300003,81.400002,81.599998,81.599998,7638808.0,和碩
2017-10-11,82.300003,82.900002,81.199997,82.300003,82.300003,10754793.0,和碩
2017-10-12,83.099998,83.800003,82.300003,82.300003,82.300003,10366369.0,和碩
2017-10-13,82.300003,82.5,81.099998,81.800003,81.800003,7692885.0,和碩
2017-10-16,81.800003,82.400002,81.5,82.400002,82.400002,4016239.0,和碩
2017-10-17,83.099998,83.400002,81.599998,81.800003,81.800003,7785703.0,和碩
2017-10-18,82.0,82.0,80.300003,81.0,81.0,8899414.0,和碩
2017-10-19,79.400002,80.0,78.800003,78.800003,78.800003,13493691.0,和碩
2017-10-20,77.900002,80.400002,77.900002,80.400002,80.400002,11535229.0,和碩
2017-10-23,81.199997,81.199997,79.900002,79.900002,79.900002,4058637.0,和碩
2017-10-24,80.0,80.0,78.800003,79.099998,79.099998,6135376.0,和碩
2017-10-25,79.400002,79.699997,78.599998,78.800003,78.800003,5726822.0,和碩
2017-10-26,78.5,79.300003,78.5,79.099998,79.099998,3723013.0,和碩
2017-10-27,79.5,79.599998,78.5,78.599998,78.599998,5390853.0,和碩
2017-10-30,79.800003,80.0,78.400002,78.400002,78.400002,7958539.0,和碩
2017-10-31,78.800003,78.800003,78.0,78.0,78.0,8179529.0,和碩
2017-11-01,78.5,78.900002,78.099998,78.199997,78.199997,6057021.0,和碩
2017-11-02,78.199997,78.400002,77.5,77.5,77.5,7490078.0,和碩
2017-11-03,78.0,78.5,77.699997,78.300003,78.300003,5849625.0,和碩
2017-11-06,79.5,79.5,78.099998,78.199997,78.199997,7108664.0,和碩
2017-11-07,78.5,78.699997,78.0,78.099998,78.099998,5606302.0,和碩
2017-11-08,78.5,79.0,78.400002,78.900002,78.900002,6356733.0,和碩
2017-11-09,78.900002,79.0,77.699997,78.0,78.0,6517089.0,和碩
2017-11-10,74.300003,75.5,72.800003,74.0,74.0,22024924.0,和碩
2017-11-13,73.0,73.0,71.599998,71.699997,71.699997,13806661.0,和碩
2017-11-14,71.199997,72.699997,70.099998,72.199997,72.199997,13824964.0,和碩
2017-11-15,71.5,71.800003,70.199997,70.300003,70.300003,16389148.0,和碩
2017-11-16,70.099998,70.800003,70.0,70.300003,70.300003,12378774.0,和碩
2017-11-17,70.5,71.099998,69.900002,69.900002,69.900002,17066523.0,和碩
2017-11-20,69.599998,69.900002,68.199997,68.699997,68.699997,16024406.0,和碩
2017-11-21,68.599998,69.599998,68.199997,68.400002,68.400002,14717423.0,和碩
2017-11-22,68.5,69.5,68.5,69.300003,69.300003,14813364.0,和碩
2017-11-23,70.300003,72.300003,70.099998,71.300003,71.300003,13506631.0,和碩
2017-11-24,70.699997,71.199997,70.5,70.599998,70.599998,7819138.0,和碩
2017-11-27,71.0,71.0,69.5,69.599998,69.599998,11875746.0,和碩
2017-11-28,69.5,69.599998,68.599998,68.699997,68.699997,11069494.0,和碩
2017-11-29,68.900002,69.300003,68.5,68.599998,68.599998,9182674.0,和碩
2017-11-30,68.0,68.300003,67.5,68.300003,68.300003,16076991.0,和碩
2017-12-01,68.400002,69.5,67.599998,69.099998,69.099998,10327857.0,和碩
2017-12-04,68.900002,69.0,67.5,68.0,68.0,8441266.0,和碩
2017-12-05,68.0,69.900002,68.0,69.699997,69.699997,12632750.0,和碩
2017-12-06,70.599998,70.699997,69.5,70.599998,70.599998,15392741.0,和碩
2017-12-07,70.699997,70.800003,69.699997,70.199997,70.199997,8503638.0,和碩
2017-12-08,69.400002,70.400002,68.099998,68.599998,68.599998,14592930.0,和碩
2017-12-11,69.599998,71.199997,69.400002,70.5,70.5,11072609.0,和碩
2017-12-12,69.0,69.300003,68.5,68.599998,68.599998,14564497.0,和碩
2017-12-13,68.900002,69.199997,68.099998,68.599998,68.599998,6557948.0,和碩
2017-12-14,69.0,69.400002,68.5,68.5,68.5,5896090.0,和碩
2017-12-15,68.199997,69.599998,68.099998,69.599998,69.599998,11666245.0,和碩
2017-12-18,70.0,70.300003,69.0,70.300003,70.300003,8976768.0,和碩
2017-12-19,71.0,72.800003,70.599998,71.800003,71.800003,15300960.0,和碩
2017-12-20,72.300003,72.5,71.5,72.300003,72.300003,13481491.0,和碩
2017-12-21,72.5,72.5,71.5,71.800003,71.800003,5517793.0,和碩
2017-12-22,72.0,72.300003,71.800003,72.300003,72.300003,4380032.0,和碩
2017-12-25,72.5,72.5,71.599998,71.800003,71.800003,2239715.0,和碩
2017-12-26,71.800003,72.0,70.0,70.0,70.0,5129282.0,和碩
2017-12-27,70.0,71.400002,70.0,71.0,71.0,4390367.0,和碩
2017-12-28,71.5,72.0,71.099998,71.900002,71.900002,5053611.0,和碩
2017-12-29,72.0,72.099998,71.5,72.0,72.0,4778685.0,和碩
