No., Day,DD,MMM,YYYY, N1,N2,N3,N4,N5,L1,L2,  Jackpot,   Wins
1252, Fri,20,Sep,2019,25,50,21,38,8,4,8,167609701,0
1251, Tue,17,Sep,2019,22,45,43,44,37,1,12,155282163,0
1250, Fri,13,Sep,2019,12,1,42,47,27,6,7,145566007,0
1249, Tue,10,Sep,2019,3,30,49,25,22,3,6,134122038,0
1248, Fri,6,Sep,2019,13,22,40,10,48,5,2,125665319,0
1247, Tue,3,Sep,2019,44,11,38,7,39,10,7,116404085,0
1246, Fri,30,Aug,2019,45,49,27,46,25,6,4,107759330,0
1245, Tue,27,Aug,2019,26,8,35,47,43,9,1,97958413,0
1244, Fri,23,Aug,2019,4,17,42,45,35,8,2,91533020,0
1243, Tue,20,Aug,2019,23,24,22,20,37,1,4,83338679,0
1242, Fri,16,Aug,2019,9,42,10,27,37,1,5,77208525,0
1241, Tue,13,Aug,2019,31,13,33,29,40,2,3,70899768,0
1240, Fri,9,Aug,2019,35,41,14,2,42,11,10,65218898,0
1239, Tue,6,Aug,2019,38,12,29,36,13,4,12,52917787,0
1238, Fri,2,Aug,2019,33,44,13,22,50,5,2,43958121,0
1237, Tue,30,Jul,2019,15,27,23,40,20,3,6,33364792,0
1236, Fri,26,Jul,2019,27,2,42,5,37,10,3,25032609,0
1235, Tue,23,Jul,2019,38,19,23,1,14,7,3,15254100,0
1234, Fri,19,Jul,2019,26,17,13,14,28,7,2,96710509,1
1233, Tue,16,Jul,2019,5,13,18,39,3,8,7,88185562,0
1232, Fri,12,Jul,2019,2,31,39,45,47,8,4,81180289,0
1231, Tue,9,Jul,2019,32,7,41,36,29,7,6,73547916,0
1230, Fri,5,Jul,2019,20,2,42,34,9,9,6,67458174,0
1229, Tue,2,Jul,2019,19,44,11,29,45,12,8,60173279,0
1228, Fri,28,Jun,2019,1,33,3,49,16,2,11,51583856,0
1227, Tue,25,Jun,2019,27,34,6,26,46,1,9,40597881,0
1226, Fri,21,Jun,2019,9,8,39,25,5,3,7,32775384,0
1225, Tue,18,Jun,2019,44,40,12,37,24,3,7,22579505,0
1224, Fri,14,Jun,2019,30,1,39,13,31,2,7,15152100,0
1223, Tue,11,Jun,2019,27,46,42,25,39,11,12,123458008,1
1222, Fri,7,Jun,2019,34,16,4,1,20,2,5,115726000,0
1221, Tue,4,Jun,2019,31,32,9,39,41,8,2,22504557,0
1220, Fri,31,May,2019,1,26,23,35,24,11,1,15034800,0
1219, Tue,28,May,2019,28,7,29,19,20,1,5,28837305,2
1218, Fri,24,May,2019,5,30,49,23,16,7,6,49736732,0
1217, Tue,21,May,2019,47,32,34,33,39,12,8,39211724,0
1216, Fri,17,May,2019,42,16,28,43,45,6,7,31674666,0
1215, Tue,14,May,2019,14,25,50,10,17,2,10,21687521,0
1214, Fri,10,May,2019,1,45,27,4,48,7,1,14694800,0
1213, Tue,7,May,2019,32,20,47,7,26,2,11,21438454,1
1212, Fri,3,May,2019,2,20,27,43,9,5,6,14467000,0
1211, Tue,30,Apr,2019,20,26,12,48,5,2,11,21815835,1
1210, Fri,26,Apr,2019,33,35,50,47,14,11,9,14682900,0
1209, Tue,23,Apr,2019,23,44,18,27,42,7,2,38254645,1
1208, Fri,19,Apr,2019,32,49,8,7,41,11,5,31273852,0
1207, Tue,16,Apr,2019,1,49,15,8,44,2,11,21879091,0
1206, Fri,12,Apr,2019,46,28,1,35,36,6,9,14701600,0
1205, Tue,9,Apr,2019,38,41,18,29,21,1,11,68329653,1
1204, Fri,5,Apr,2019,7,45,10,1,29,5,3,62771731,0
1203, Tue,2,Apr,2019,9,26,16,2,36,6,7,50833887,0
1202, Fri,29,Mar,2019,13,23,26,47,32,6,10,43015001,0
1201, Tue,26,Mar,2019,47,43,19,23,12,2,6,32010911,0
1200, Fri,22,Mar,2019,17,43,26,4,30,11,6,24580716,0
1199, Tue,19,Mar,2019,9,6,1,47,34,12,7,14552000,0
1198, Fri,15,Mar,2019,46,24,42,15,3,12,9,71057439,1
1197, Tue,12,Mar,2019,5,13,7,19,31,9,2,64356515,0
1196, Fri,8,Mar,2019,40,17,24,19,18,8,4,55265839,0
1195, Tue,5,Mar,2019,16,10,46,39,6,8,11,43294160,0
1194, Fri,1,Mar,2019,9,19,26,31,6,12,11,35148482,0
1193, Tue,26,Feb,2019,29,47,15,3,35,4,3,22256333,0
1192, Fri,22,Feb,2019,50,33,29,3,27,7,3,14773000,0
1191, Tue,19,Feb,2019,19,8,18,1,39,9,7,152400366,1
1190, Fri,15,Feb,2019,49,38,27,34,15,2,10,144375567,0
1189, Tue,12,Feb,2019,34,36,50,41,6,1,5,133312302,0
1188, Fri,8,Feb,2019,46,12,13,39,11,7,10,123991632,0
1187, Tue,5,Feb,2019,31,43,14,25,37,2,3,113958151,0
1186, Fri,1,Feb,2019,3,41,26,46,21,6,1,105204000,0
1185, Tue,29,Jan,2019,39,14,24,32,26,8,3,75051591,0
1184, Fri,25,Jan,2019,15,16,13,6,1,6,10,68153942,0
1183, Tue,22,Jan,2019,29,49,41,9,23,8,10,61621961,0
1182, Fri,18,Jan,2019,5,16,46,6,30,5,10,53285987,0
1181, Tue,15,Jan,2019,33,22,35,25,29,3,6,42137452,0
1180, Fri,11,Jan,2019,19,48,31,39,1,6,1,34004534,0
1179, Tue,8,Jan,2019,19,32,31,3,22,2,11,23253235,0
1178, Fri,4,Jan,2019,19,7,11,37,27,10,6,15228600,0
1177, Tue,1,Jan,2019,11,25,8,28,1,4,6,114969776,1
1176, Fri,28,Dec,2018,34,16,35,45,13,10,12,108543762,0
1175, Tue,25,Dec,2018,8,4,43,31,5,9,2,99026381,0
1174, Fri,21,Dec,2018,12,2,34,50,15,4,3,92134454,0
1173, Tue,18,Dec,2018,1,18,39,48,9,7,5,83057501,0
1172, Fri,14,Dec,2018,29,12,38,44,42,12,2,76884342,0
1171, Tue,11,Dec,2018,4,13,7,42,23,1,3,69712546,0
1170, Fri,7,Dec,2018,17,11,37,48,26,1,10,63478325,0
1169, Tue,4,Dec,2018,21,19,45,20,42,8,9,51799990,0
1168, Fri,30,Nov,2018,3,10,26,23,12,12,1,43374190,0
1167, Tue,27,Nov,2018,17,16,4,32,18,11,2,32439819,0
1166, Fri,23,Nov,2018,25,30,5,26,8,3,10,24866684,0
1165, Tue,20,Nov,2018,6,48,19,45,39,7,12,15130000,0
1164, Fri,16,Nov,2018,9,10,28,41,13,12,1,44832935,1
1163, Tue,13,Nov,2018,10,7,13,2,42,6,3,33184923,0
1162, Fri,9,Nov,2018,49,17,37,32,14,11,12,25702466,0
1161, Tue,6,Nov,2018,14,36,24,43,40,2,9,14832500,0
1160, Fri,2,Nov,2018,15,37,5,17,44,11,7,76369807,1
1159, Tue,30,Oct,2018,44,27,23,17,43,1,12,70193991,0
1158, Fri,26,Oct,2018,5,31,18,21,35,6,9,64245817,0
1157, Tue,23,Oct,2018,32,2,1,5,21,12,2,52107396,0
1156, Fri,19,Oct,2018,1,3,47,29,48,12,3,43581440,0
1155, Tue,16,Oct,2018,15,28,42,37,40,1,6,32638799,0
1154, Fri,12,Oct,2018,31,4,12,43,9,8,5,25070150,0
1153, Tue,9,Oct,2018,3,45,44,12,36,11,8,14873300,0
1152, Fri,5,Oct,2018,16,8,26,35,24,11,3,14948100,1
1151, Tue,2,Oct,2018,45,29,37,7,17,11,3,144603632,1
1150, Fri,28,Sep,2018,4,8,50,2,27,2,9,135382686,0
1149, Tue,25,Sep,2018,38,6,20,30,15,4,7,124411811,0
1148, Fri,21,Sep,2018,5,7,37,25,21,3,4,116870000,0
1147, Tue,18,Sep,2018,10,32,45,8,3,4,12,40651934,0
1146, Fri,14,Sep,2018,45,40,33,1,3,4,3,32776219,0
1145, Tue,11,Sep,2018,32,18,9,38,46,2,3,22382447,0
1144, Fri,7,Sep,2018,50,31,27,4,23,1,8,15216700,0
1143, Tue,4,Sep,2018,47,5,28,30,14,11,4,40979973,1
1142, Fri,31,Aug,2018,4,42,30,38,31,4,6,32721629,0
1141, Tue,28,Aug,2018,42,46,4,16,32,12,8,22758649,0
1140, Fri,24,Aug,2018,31,36,50,14,3,12,1,15393500,0
1139, Tue,21,Aug,2018,43,16,49,23,42,12,10,96785706,1
1138, Fri,17,Aug,2018,18,24,2,43,15,8,12,89766677,0
1137, Tue,14,Aug,2018,31,1,15,25,18,9,11,81090231,0
1136, Fri,10,Aug,2018,43,44,20,18,36,9,3,75029181,0
1135, Tue,7,Aug,2018,30,29,28,36,16,10,8,67719962,0
1134, Fri,3,Aug,2018,26,38,36,43,7,12,6,61780382,0
1133, Tue,31,Jul,2018,25,34,20,42,45,6,11,50637585,0
1132, Fri,27,Jul,2018,17,23,11,22,41,11,6,42386533,0
1131, Tue,24,Jul,2018,40,23,2,4,39,3,9,32023423,0
1130, Fri,20,Jul,2018,15,2,43,40,46,3,6,24941396,0
1129, Tue,17,Jul,2018,4,50,6,27,48,1,11,15126600,0
1128, Fri,13,Jul,2018,49,14,4,1,21,2,12,15021200,1
1127, Tue,10,Jul,2018,3,33,26,8,45,10,7,57975368,1
1126, Fri,6,Jul,2018,30,8,48,33,38,10,2,49801491,0
1125, Tue,3,Jul,2018,15,29,12,48,1,5,3,39091736,0
1124, Fri,29,Jun,2018,15,21,40,23,48,3,12,31647298,0
1123, Tue,26,Jun,2018,20,34,16,15,50,7,4,21730843,0
1122, Fri,22,Jun,2018,44,39,41,14,25,8,2,14960000,0
1121, Tue,19,Jun,2018,26,7,19,50,42,9,4,31809040,1
1120, Fri,15,Jun,2018,26,23,49,33,38,1,12,24560828,0
1119, Tue,12,Jun,2018,36,38,23,21,7,6,8,14954900,0
1118, Fri,8,Jun,2018,43,46,8,32,19,8,2,14931100,1
1117, Tue,5,Jun,2018,39,46,9,22,15,5,4,14886900,1
1116, Fri,1,Jun,2018,29,17,40,24,18,4,5,34972315,2
1115, Tue,29,May,2018,20,43,6,38,11,4,2,57637756,0
1114, Fri,25,May,2018,13,16,15,41,28,4,5,50089464,0
1113, Tue,22,May,2018,48,11,1,37,41,8,12,39384424,0
1112, Fri,18,May,2018,8,31,5,10,13,6,3,32040070,0
1111, Tue,15,May,2018,20,16,4,31,39,2,12,22065747,0
1110, Fri,11,May,2018,22,34,3,50,49,11,8,15004200,0
1109, Tue,8,May,2018,17,35,25,39,44,5,2,39948586,1
1108, Fri,4,May,2018,23,6,12,45,39,12,9,32659632,0
1107, Tue,1,May,2018,48,42,15,17,6,4,6,21805469,0
1106, Fri,27,Apr,2018,24,40,12,41,46,5,12,14958300,0
1105, Tue,24,Apr,2018,28,44,30,23,20,3,7,121328187,1
1104, Fri,20,Apr,2018,44,39,3,25,16,11,7,114010000,0
1103, Tue,17,Apr,2018,39,15,33,27,50,6,4,22289222,0
1102, Fri,13,Apr,2018,48,50,34,25,5,7,6,14740700,0
1101, Tue,10,Apr,2018,48,14,39,46,27,11,12,14829100,1
1100, Fri,6,Apr,2018,45,47,29,33,1,4,8,66429609,1
1099, Tue,3,Apr,2018,43,3,40,16,8,8,5,59156133,0
1098, Fri,30,Mar,2018,35,47,28,17,12,7,11,51598288,0
1097, Tue,27,Mar,2018,46,40,20,23,17,9,10,40629122,0
1096, Fri,23,Mar,2018,46,5,50,7,11,11,8,32771739,0
1095, Tue,20,Mar,2018,44,39,29,26,37,9,11,22265427,0
1094, Fri,16,Mar,2018,31,4,27,24,17,11,10,14992300,0
1093, Tue,13,Mar,2018,11,9,13,33,49,12,6,54643467,1
1092, Fri,9,Mar,2018,44,9,14,21,32,12,1,45846428,0
1091, Tue,6,Mar,2018,26,44,20,31,15,2,9,34392263,0
1090, Fri,2,Mar,2018,2,7,34,48,45,1,12,26096672,0
1089, Tue,27,Feb,2018,48,31,3,41,50,11,8,14956600,0
1088, Fri,23,Feb,2018,18,17,28,47,10,3,7,77798898,2
1087, Tue,20,Feb,2018,6,25,14,19,29,11,5,142157622,0
1086, Fri,16,Feb,2018,23,32,50,12,10,10,4,133365227,0
1085, Tue,13,Feb,2018,13,44,10,21,17,10,1,123305866,0
1084, Fri,9,Feb,2018,38,22,31,44,36,11,1,114539544,0
1083, Tue,6,Feb,2018,8,28,17,38,34,6,12,104423108,0
1082, Fri,2,Feb,2018,36,39,34,14,48,2,3,95972671,0
1081, Tue,30,Jan,2018,11,15,35,27,21,5,4,86173606,0
1080, Fri,26,Jan,2018,28,15,24,48,6,9,4,79917041,0
1079, Tue,23,Jan,2018,5,23,8,9,24,7,8,71872851,0
1078, Fri,19,Jan,2018,44,3,17,50,8,2,7,66212715,0
1077, Tue,16,Jan,2018,46,34,31,20,23,3,12,54434216,0
1076, Fri,12,Jan,2018,45,30,21,13,23,6,4,45394452,0
1075, Tue,9,Jan,2018,6,49,38,12,15,9,2,33484288,0
1074, Fri,5,Jan,2018,41,38,20,5,2,4,8,25687589,0
1073, Tue,2,Jan,2018,20,10,21,48,28,1,8,15084100,0
1072, Fri,29,Dec,2017,4,48,8,22,23,1,12,34588069,1
1071, Tue,26,Dec,2017,30,4,17,44,43,10,2,21951423,0
1070, Fri,22,Dec,2017,5,30,24,31,43,3,6,15089200,0
1069, Tue,19,Dec,2017,15,38,46,8,30,4,7,119876081,1
1068, Fri,15,Dec,2017,25,42,30,50,31,11,2,111674784,0
1067, Tue,12,Dec,2017,39,20,37,50,44,4,8,101938670,0
1066, Fri,8,Dec,2017,34,32,22,30,4,4,3,94304641,0
1065, Tue,5,Dec,2017,48,11,44,43,36,2,7,85788778,0
1064, Fri,1,Dec,2017,5,46,29,35,24,11,12,79577293,0
1063, Tue,28,Nov,2017,42,1,12,6,18,2,7,71866782,0
1062, Fri,24,Nov,2017,28,24,50,19,30,10,3,66743323,0
1061, Tue,21,Nov,2017,31,28,10,2,14,7,5,54215274,0
1060, Fri,17,Nov,2017,35,36,26,42,20,5,12,46135062,0
1059, Tue,14,Nov,2017,16,40,39,41,14,8,10,34502478,0
1058, Fri,10,Nov,2017,37,36,29,22,13,1,9,26361644,0
1057, Tue,7,Nov,2017,37,19,41,20,7,12,2,14970200,0
1056, Fri,3,Nov,2017,41,5,33,17,12,4,9,25476778,1
1055, Tue,31,Oct,2017,46,12,43,36,1,3,5,14919200,0
1054, Fri,27,Oct,2017,39,23,16,32,3,1,4,15011000,1
1053, Tue,24,Oct,2017,27,9,33,13,11,10,7,58670142,1
1052, Fri,20,Oct,2017,4,27,23,30,17,3,8,49712130,0
1051, Tue,17,Oct,2017,19,26,17,13,36,2,3,37871775,0
1050, Fri,13,Oct,2017,23,37,50,29,45,5,11,29491384,0
1049, Tue,10,Oct,2017,36,4,37,21,34,6,3,15209900,0
1048, Fri,6,Oct,2017,15,1,9,25,19,1,7,170810000,1
1047, Tue,3,Oct,2017,32,6,50,24,48,1,5,168701000,0
1046, Fri,29,Sep,2017,18,32,7,48,19,3,7,157898325,0
1045, Tue,26,Sep,2017,40,29,1,48,41,12,6,143626132,0
1044, Fri,22,Sep,2017,6,31,39,42,11,3,1,134911784,0
1043, Tue,19,Sep,2017,45,21,1,8,30,3,2,123904174,0
1042, Fri,15,Sep,2017,44,49,13,18,37,9,12,114504000,0
1041, Tue,12,Sep,2017,35,17,29,10,27,4,11,33717075,0
1040, Fri,8,Sep,2017,42,47,24,49,9,1,5,25993675,0
1039, Tue,5,Sep,2017,28,18,29,6,9,9,1,15560100,0
1038, Fri,1,Sep,2017,8,7,3,14,49,5,8,25914013,1
1037, Tue,29,Aug,2017,4,12,32,15,38,1,5,15767500,0
1036, Fri,25,Aug,2017,15,7,1,47,5,9,12,15735200,1
1035, Tue,22,Aug,2017,10,12,17,3,27,3,5,40510685,1
1034, Fri,18,Aug,2017,39,42,24,45,2,2,8,32520149,0
1033, Tue,15,Aug,2017,14,30,46,10,35,4,10,22117219,0
1032, Fri,11,Aug,2017,39,48,28,46,18,12,5,15449600,0
1031, Tue,8,Aug,2017,26,15,40,25,41,4,5,33089644,1
1030, Fri,4,Aug,2017,29,30,41,40,36,9,2,25529274,0
1029, Tue,1,Aug,2017,29,24,21,30,14,10,8,15208200,0
1028, Fri,28,Jul,2017,41,9,31,5,29,4,2,51702050,1
1027, Tue,25,Jul,2017,14,44,43,48,12,11,2,40445365,0
1026, Fri,21,Jul,2017,8,1,26,49,9,9,5,32874047,0
1025, Tue,18,Jul,2017,41,27,1,45,25,7,5,22265567,0
1024, Fri,14,Jul,2017,21,14,20,47,11,10,7,14900500,0
1023, Tue,11,Jul,2017,50,26,42,22,14,8,10,15189500,1
1022, Fri,7,Jul,2017,45,37,20,35,11,3,6,25663715,1
1021, Tue,4,Jul,2017,22,25,10,37,49,8,5,14943000,0
1020, Fri,30,Jun,2017,35,50,39,17,47,6,8,87570000,1
1019, Tue,27,Jun,2017,45,17,21,9,28,1,3,70127201,0
1018, Fri,23,Jun,2017,4,31,21,3,38,3,7,64082100,0
1017, Tue,20,Jun,2017,44,43,11,18,26,8,10,52594374,0
1016, Fri,16,Jun,2017,38,42,15,17,41,9,12,44150291,0
1015, Tue,13,Jun,2017,12,3,22,27,49,11,4,33506785,0
1014, Fri,9,Jun,2017,9,39,27,20,43,11,10,25684767,0
1013, Tue,6,Jun,2017,25,40,20,22,37,7,3,14866500,0
1012, Fri,2,Jun,2017,8,42,33,24,10,9,3,134808762,1
1011, Tue,30,May,2017,27,48,38,12,7,9,6,121851562,0
1010, Fri,26,May,2017,36,5,39,7,26,2,10,113475960,0
1009, Tue,23,May,2017,15,8,42,25,27,1,4,102101430,0
1008, Fri,19,May,2017,30,12,9,19,11,9,4,93927013,0
1007, Tue,16,May,2017,20,8,30,11,15,3,8,84319251,0
1006, Fri,12,May,2017,2,28,29,44,20,3,9,76813393,0
1005, Tue,9,May,2017,26,22,16,12,8,7,6,68249429,0
1004, Fri,5,May,2017,7,43,30,3,35,1,3,63162406,0
1003, Tue,2,May,2017,27,25,19,6,23,12,11,55848627,0
1002, Fri,28,Apr,2017,20,25,30,39,14,8,2,48309589,0
1001, Tue,25,Apr,2017,11,9,32,19,43,3,9,38059267,0
1000, Fri,21,Apr,2017,2,13,22,49,16,4,5,30153753,0
999, Tue,18,Apr,2017,22,17,45,38,31,12,5,20624201,0
998, Fri,14,Apr,2017,33,20,4,14,23,6,10,14422800,0
997, Tue,11,Apr,2017,22,5,31,49,21,8,2,70887897,1
996, Fri,7,Apr,2017,35,10,2,50,19,7,6,65668144,0
995, Tue,4,Apr,2017,24,33,9,1,34,2,6,58513592,0
994, Fri,31,Mar,2017,24,26,45,17,28,4,12,49849009,0
993, Tue,28,Mar,2017,33,13,46,9,31,6,10,39630350,0
992, Fri,24,Mar,2017,2,21,17,27,34,5,9,31918888,0
991, Tue,21,Mar,2017,47,23,20,44,1,11,4,21818290,0
990, Fri,17,Mar,2017,19,29,36,6,10,9,3,14742400,0
989, Tue,14,Mar,2017,21,5,44,36,3,3,6,70386999,1
988, Fri,10,Mar,2017,38,49,31,47,36,8,11,64931865,0
987, Tue,7,Mar,2017,6,37,50,41,48,5,4,51910688,0
986, Fri,3,Mar,2017,47,2,11,29,30,12,1,43311596,0
985, Tue,28,Feb,2017,35,31,10,42,20,2,12,31923442,0
984, Fri,24,Feb,2017,13,2,43,22,4,8,9,24449171,0
983, Tue,21,Feb,2017,19,41,49,13,45,4,3,14383700,0
982, Fri,17,Feb,2017,25,19,33,36,48,2,9,14509500,1
981, Tue,14,Feb,2017,44,40,24,2,10,3,10,19987961,2
980, Fri,10,Feb,2017,43,26,7,35,21,9,2,32204121,0
979, Tue,7,Feb,2017,44,38,4,31,10,10,8,21809971,0
978, Fri,3,Feb,2017,3,4,50,46,15,9,5,14686300,0
977, Tue,31,Jan,2017,4,17,44,23,3,6,9,22233944,1
976, Fri,27,Jan,2017,28,45,20,17,48,9,5,14495900,0
975, Tue,24,Jan,2017,5,1,23,17,7,3,8,76052175,1
974, Fri,20,Jan,2017,17,10,27,49,31,3,5,70419453,0
973, Tue,17,Jan,2017,43,4,25,16,47,10,2,62366698,0
972, Fri,13,Jan,2017,16,7,50,3,26,4,7,53936316,0
971, Tue,10,Jan,2017,44,29,35,11,2,4,9,40259650,0
970, Fri,6,Jan,2017,21,14,49,10,18,9,11,31898943,0
969, Tue,3,Jan,2017,34,27,49,23,19,11,1,21591336,0
968, Fri,30,Dec,2016,10,22,29,47,8,1,3,14538400,0
967, Tue,27,Dec,2016,32,22,39,25,3,7,12,21534783,1
966, Fri,23,Dec,2016,46,39,16,20,4,5,2,14487400,0
965, Tue,20,Dec,2016,15,27,13,21,17,3,2,51875129,1
964, Fri,16,Dec,2016,10,45,6,41,30,11,4,43003166,0
963, Tue,13,Dec,2016,28,50,48,29,14,8,2,32050401,0
962, Fri,9,Dec,2016,6,40,37,28,12,1,5,24450957,0
961, Tue,6,Dec,2016,27,1,7,11,45,9,4,14392200,0
960, Fri,2,Dec,2016,23,32,6,11,31,2,12,24662130,1
959, Tue,29,Nov,2016,38,27,21,28,26,11,9,14494200,0
958, Fri,25,Nov,2016,28,23,5,11,17,10,11,26009712,2
957, Tue,22,Nov,2016,47,10,5,33,34,10,2,40546633,0
956, Fri,18,Nov,2016,32,27,12,47,3,8,6,32720430,0
955, Tue,15,Nov,2016,42,7,15,36,48,3,7,22092234,0
954, Fri,11,Nov,2016,38,49,3,22,23,9,2,14648900,0
953, Tue,8,Nov,2016,49,47,9,50,5,9,8,35072281,1
952, Fri,4,Nov,2016,7,11,12,48,44,7,3,26830014,0
951, Tue,1,Nov,2016,10,20,6,37,29,9,1,15362900,0
950, Fri,28,Oct,2016,23,43,10,19,16,8,2,15667698,1
949, Tue,25,Oct,2016,28,15,21,3,20,5,1,44777159,1
948, Fri,21,Oct,2016,48,9,23,20,44,10,8,35497880,0
947, Tue,18,Oct,2016,2,25,17,21,27,9,6,23638239,0
946, Fri,14,Oct,2016,31,34,19,7,13,11,1,15330600,0
945, Tue,11,Oct,2016,12,37,20,24,5,4,11,153361048,1
944, Fri,7,Oct,2016,12,30,27,20,2,11,9,140104641,0
943, Tue,4,Oct,2016,4,38,7,14,34,4,11,124041722,0
942, Fri,30,Sep,2016,35,44,17,37,43,10,2,112697000,0
941, Tue,27,Sep,2016,41,6,13,39,9,2,12,14671000,0
940, Fri,23,Sep,2016,14,39,42,49,16,9,3,20683054,1
939, Tue,20,Sep,2016,45,41,4,1,10,9,6,12900000,0
938, Fri,16,Sep,2016,32,5,22,8,14,2,11,34037587,1
937, Tue,13,Sep,2016,44,16,4,7,35,3,1,25859082,0
936, Fri,9,Sep,2016,28,4,11,17,15,1,3,20243965,0
935, Tue,6,Sep,2016,45,12,34,24,30,7,10,12579000,0
934, Fri,2,Sep,2016,50,40,16,32,8,2,11,6567504,5
933, Tue,30,Aug,2016,29,42,13,16,35,6,8,25605853,0
932, Fri,26,Aug,2016,48,9,30,28,1,7,8,20257321,0
931, Tue,23,Aug,2016,2,31,45,37,23,8,4,12870000,0
930, Fri,19,Aug,2016,22,6,5,25,34,7,5,47566032,1
929, Tue,16,Aug,2016,34,37,46,26,2,4,8,39327773,0
928, Fri,12,Aug,2016,15,50,36,2,28,11,2,33820376,0
927, Tue,9,Aug,2016,19,43,44,12,45,10,5,25724734,0
926, Fri,5,Aug,2016,19,16,24,37,35,2,7,20140295,0
925, Tue,2,Aug,2016,27,46,38,2,8,2,6,12612000,0
924, Fri,29,Jul,2016,40,26,50,1,21,4,2,61102443,1
923, Tue,26,Jul,2016,13,49,10,45,3,11,2,51731973,0
922, Fri,22,Jul,2016,26,45,24,7,37,9,5,45790415,0
921, Tue,19,Jul,2016,24,37,19,28,36,6,3,38223590,0
920, Fri,15,Jul,2016,2,11,14,13,21,1,8,32611251,0
919, Tue,12,Jul,2016,26,3,41,33,7,2,10,25081394,0
918, Fri,8,Jul,2016,12,18,8,44,33,8,4,20261530,0
917, Tue,5,Jul,2016,38,29,10,48,1,4,3,12760500,0
916, Fri,1,Jul,2016,11,50,13,40,2,10,1,20022696,1
915, Tue,28,Jun,2016,43,37,32,26,49,5,4,12448500,0
914, Fri,24,Jun,2016,11,19,39,28,27,3,10,32395415,1
913, Tue,21,Jun,2016,32,35,17,49,5,5,1,23371931,0
912, Fri,17,Jun,2016,43,1,18,27,7,8,4,18818757,0
911, Tue,14,Jun,2016,13,50,42,39,34,11,9,11928000,0
910, Fri,10,Jun,2016,21,35,42,14,43,7,9,67227348,1
909, Tue,7,Jun,2016,26,49,19,45,35,2,5,57100579,0
908, Fri,3,Jun,2016,7,31,39,23,33,6,10,50611162,0
907, Tue,31,May,2016,6,30,26,48,12,6,7,41708725,0
906, Fri,27,May,2016,46,27,13,43,25,4,8,35790545,0
905, Tue,24,May,2016,37,17,34,16,23,9,6,28279072,0
904, Fri,20,May,2016,41,9,30,14,45,4,9,23593583,0
903, Tue,17,May,2016,32,27,39,36,15,3,10,16625472,0
902, Fri,13,May,2016,31,28,42,15,7,10,11,11811000,0
901, Tue,10,May,2016,40,2,26,27,49,10,5,57525794,1
900, Fri,6,May,2016,45,48,40,34,32,10,1,51342488,0
899, Tue,3,May,2016,23,34,8,24,38,3,7,43360228,0
898, Fri,29,Apr,2016,4,25,28,5,43,6,11,37275721,0
897, Tue,26,Apr,2016,10,42,17,32,31,2,5,28958268,0
896, Fri,22,Apr,2016,32,43,26,34,17,2,10,23868937,0
895, Tue,19,Apr,2016,27,14,44,15,11,7,2,16895105,0
894, Fri,15,Apr,2016,13,32,37,14,48,1,7,11932500,0
893, Tue,12,Apr,2016,9,1,5,22,38,10,2,51818874,1
892, Fri,8,Apr,2016,43,8,49,6,26,10,6,46258071,0
891, Tue,5,Apr,2016,3,19,40,9,5,5,2,37762659,0
890, Fri,1,Apr,2016,23,25,2,49,16,6,9,31942807,0
889, Tue,29,Mar,2016,4,25,19,36,1,3,11,23722612,0
888, Fri,25,Mar,2016,43,36,12,42,19,8,5,18978724,0
887, Tue,22,Mar,2016,15,49,12,26,42,5,8,11845500,0
886, Fri,18,Mar,2016,14,49,21,19,24,5,11,46514105,1
885, Tue,15,Mar,2016,7,10,5,44,34,10,2,38751467,0
884, Fri,11,Mar,2016,26,43,1,21,40,9,6,32729736,0
883, Tue,8,Mar,2016,9,14,23,8,1,7,1,24864878,0
882, Fri,4,Mar,2016,9,23,40,16,14,1,5,19432742,0
881, Tue,1,Mar,2016,37,7,28,13,4,11,10,11698500,0
880, Fri,26,Feb,2016,13,50,5,33,15,9,11,11842500,1
879, Tue,23,Feb,2016,42,32,23,25,37,11,1,24605103,1
878, Fri,19,Feb,2016,32,13,14,39,30,3,9,19006842,0
877, Tue,16,Feb,2016,3,22,50,10,37,6,10,11700000,0
876, Fri,12,Feb,2016,31,49,28,20,3,5,2,24769932,1
875, Tue,9,Feb,2016,9,6,13,28,37,4,5,17090950,0
874, Fri,5,Feb,2016,46,32,27,3,41,4,8,11541000,0
873, Tue,2,Feb,2016,36,21,10,6,9,6,2,11373000,1
872, Fri,29,Jan,2016,29,32,23,1,5,1,7,50382546,2
871, Tue,26,Jan,2016,15,40,24,48,38,2,9,87892394,0
870, Fri,22,Jan,2016,27,10,30,47,12,9,8,79365304,0
869, Tue,19,Jan,2016,2,30,38,43,46,7,2,70146761,0
868, Fri,15,Jan,2016,43,38,19,10,46,1,11,62768100,0
867, Tue,12,Jan,2016,2,10,30,44,1,1,8,52409215,0
866, Fri,8,Jan,2016,35,33,26,40,5,3,8,46235544,0
865, Tue,5,Jan,2016,36,10,6,39,31,6,10,36601816,0
864, Fri,1,Jan,2016,44,37,38,39,4,4,7,31339370,0
863, Tue,29,Dec,2015,5,36,32,31,20,6,7,23871796,0
862, Fri,25,Dec,2015,10,27,40,3,25,9,3,18422340,0
861, Tue,22,Dec,2015,19,41,18,40,20,7,10,11112000,0
860, Fri,18,Dec,2015,22,6,26,29,48,5,6,60657149,1
859, Tue,15,Dec,2015,11,27,35,8,23,4,11,51599368,0
858, Fri,11,Dec,2015,43,5,21,3,40,11,6,45271012,0
857, Tue,8,Dec,2015,48,29,12,38,17,9,11,37358158,0
856, Fri,4,Dec,2015,17,27,18,39,8,7,1,31893763,0
855, Tue,1,Dec,2015,35,15,45,25,2,10,8,23663957,0
854, Fri,27,Nov,2015,50,16,30,37,29,6,8,18467154,0
853, Tue,24,Nov,2015,26,14,17,9,16,10,11,10599000,0
852, Fri,20,Nov,2015,34,49,30,46,4,8,7,114814234,1
851, Tue,17,Nov,2015,6,37,23,38,7,11,10,101384894,0
850, Fri,13,Nov,2015,33,10,18,40,17,8,2,92419190,0
849, Tue,10,Nov,2015,43,39,13,6,18,2,8,79495676,0
848, Fri,6,Nov,2015,26,40,38,17,3,4,10,71380000,0
847, Tue,3,Nov,2015,39,27,49,8,46,2,6,39134284,0
846, Fri,30,Oct,2015,34,13,17,8,21,6,7,33935721,0
845, Tue,27,Oct,2015,11,20,25,36,12,9,6,26892567,0
844, Fri,23,Oct,2015,25,7,32,39,30,2,8,22011013,0
843, Tue,20,Oct,2015,21,19,30,45,17,8,10,15634628,0
842, Fri,16,Oct,2015,28,43,7,48,29,3,10,11035500,0
841, Tue,13,Oct,2015,26,15,12,47,29,11,3,11517654,2
840, Fri,9,Oct,2015,43,42,47,40,1,9,11,18085197,0
839, Tue,6,Oct,2015,22,32,29,11,20,1,8,11101500,0
838, Fri,2,Oct,2015,21,35,7,32,18,11,2,11065500,1
837, Tue,29,Sep,2015,14,49,26,11,29,3,9,11152500,1
836, Fri,25,Sep,2015,14,37,30,13,23,8,2,35170064,1
835, Tue,22,Sep,2015,27,14,23,29,26,7,10,27140220,0
834, Fri,18,Sep,2015,39,34,33,7,29,8,7,22450618,0
833, Tue,15,Sep,2015,44,8,15,17,49,5,8,15723801,0
832, Fri,11,Sep,2015,19,50,10,29,18,9,1,11032500,0
831, Tue,8,Sep,2015,42,14,40,39,16,1,4,22464583,1
830, Fri,4,Sep,2015,27,8,45,9,50,8,10,17883898,0
829, Tue,1,Sep,2015,6,27,45,19,21,8,1,11077500,0
828, Fri,28,Aug,2015,11,34,30,29,31,4,7,10908000,1
827, Tue,25,Aug,2015,31,33,50,27,42,5,2,22297655,1
826, Fri,21,Aug,2015,47,4,16,18,43,10,6,17370968,0
825, Tue,18,Aug,2015,7,10,19,12,11,2,9,10582500,0
824, Fri,14,Aug,2015,45,4,44,7,39,3,5,28595278,1
823, Tue,11,Aug,2015,2,16,3,15,8,4,11,21748476,0
822, Fri,7,Aug,2015,1,5,21,44,39,4,11,17058370,0
821, Tue,4,Aug,2015,50,15,39,10,45,10,9,10500000,0
820, Fri,31,Jul,2015,34,21,16,50,40,6,9,17564689,1
819, Tue,28,Jul,2015,36,23,49,43,32,8,7,10639500,0
818, Fri,24,Jul,2015,21,46,2,9,35,2,11,28675998,1
817, Tue,21,Jul,2015,14,29,44,27,20,10,7,21651101,0
816, Fri,17,Jul,2015,21,48,22,1,43,9,7,16844082,0
815, Tue,14,Jul,2015,34,18,36,19,6,1,8,10572000,0
814, Fri,10,Jul,2015,35,8,15,5,41,5,4,29461344,1
813, Tue,7,Jul,2015,7,41,33,18,6,10,3,22161317,0
812, Fri,3,Jul,2015,11,18,44,15,12,3,9,17408173,0
811, Tue,30,Jun,2015,11,28,15,34,37,1,8,10653000,0
810, Fri,26,Jun,2015,10,19,6,3,24,5,7,17954602,1
809, Tue,23,Jun,2015,16,38,4,22,49,6,9,10669500,0
808, Fri,19,Jun,2015,7,14,20,31,42,9,3,17776969,1
807, Tue,16,Jun,2015,15,10,36,16,37,3,9,10785000,0
806, Fri,12,Jun,2015,11,10,37,5,8,9,7,93388944,1
805, Tue,9,Jun,2015,5,34,17,9,32,8,6,82265988,0
804, Fri,5,Jun,2015,8,7,2,48,45,9,1,72850000,0
803, Tue,2,Jun,2015,23,7,41,29,37,1,8,15874102,0
802, Fri,29,May,2015,4,20,48,45,3,8,6,10791000,0
801, Tue,26,May,2015,6,24,7,21,5,6,5,26656367,1
800, Fri,22,May,2015,18,44,35,24,45,5,11,22169936,0
799, Tue,19,May,2015,35,37,31,26,30,11,8,15476457,0
798, Fri,15,May,2015,47,42,44,5,35,9,8,10932000,0
797, Tue,12,May,2015,29,30,14,46,40,3,6,34276743,1
796, Fri,8,May,2015,14,19,49,7,47,10,3,29532380,0
795, Tue,5,May,2015,1,17,10,42,20,9,8,22723433,0
794, Fri,1,May,2015,19,26,20,25,3,6,10,17749913,0
793, Tue,28,Apr,2015,36,24,28,26,45,10,7,10741500,0
792, Fri,24,Apr,2015,31,5,40,29,19,3,10,36298267,1
791, Tue,21,Apr,2015,14,42,17,6,45,8,1,28100414,0
790, Fri,17,Apr,2015,39,2,34,24,30,11,8,22844230,0
789, Tue,14,Apr,2015,49,34,32,24,35,2,1,15639792,0
788, Fri,10,Apr,2015,25,43,22,23,30,5,9,10876500,0
787, Tue,7,Apr,2015,39,25,50,44,18,8,5,15679890,1
786, Fri,3,Apr,2015,39,37,49,29,27,4,2,11055000,0
785, Tue,31,Mar,2015,8,28,20,24,49,8,9,53193914,1
784, Fri,27,Mar,2015,30,39,32,44,2,10,6,47673633,0
783, Tue,24,Mar,2015,40,10,39,24,26,3,10,38975399,0
782, Fri,20,Mar,2015,3,14,42,48,37,1,10,32843195,0
781, Tue,17,Mar,2015,11,23,44,38,26,8,1,24825416,0
780, Fri,13,Mar,2015,4,5,22,18,23,3,1,19376761,0
779, Tue,10,Mar,2015,31,30,2,6,23,10,2,10656000,0
778, Fri,6,Mar,2015,47,30,49,50,23,7,2,72180000,1
777, Tue,3,Mar,2015,6,21,13,8,11,8,7,59016205,0
776, Fri,27,Feb,2015,17,25,14,5,47,10,9,52055697,0
775, Tue,24,Feb,2015,3,28,25,34,50,1,11,43197448,0
774, Fri,20,Feb,2015,37,46,10,4,14,4,7,37807029,0
773, Tue,17,Feb,2015,5,2,18,43,30,10,1,30050324,0
772, Fri,13,Feb,2015,24,12,39,44,42,3,11,24682682,0
771, Tue,10,Feb,2015,30,45,20,13,17,9,10,16073137,0
770, Fri,6,Feb,2015,50,30,10,26,39,8,7,11154000,0
769, Tue,3,Feb,2015,50,44,17,31,33,11,7,11370000,1
768, Fri,30,Jan,2015,9,24,15,13,19,3,8,5622000,2
767, Tue,27,Jan,2015,10,33,5,31,40,10,8,16266792,1
766, Fri,23,Jan,2015,30,45,29,38,6,8,1,11247000,0
765, Tue,20,Jan,2015,33,47,15,41,44,10,8,12413744,2
764, Fri,16,Jan,2015,34,32,29,30,46,6,3,19476379,0
763, Tue,13,Jan,2015,34,31,21,8,17,10,9,11659500,0
762, Fri,9,Jan,2015,6,32,45,21,24,1,11,24754047,1
761, Tue,6,Jan,2015,20,38,30,14,49,4,3,16954080,0
760, Fri,2,Jan,2015,24,25,49,28,22,3,6,11751000,0
759, Tue,30,Dec,2014,6,18,39,50,44,11,8,11727000,1
758, Fri,26,Dec,2014,26,45,27,49,17,2,3,19781351,1
757, Tue,23,Dec,2014,49,25,9,19,8,10,2,11787000,0
756, Fri,19,Dec,2014,39,44,23,29,31,5,8,11737500,1
755, Tue,16,Dec,2014,13,7,3,25,12,5,8,31462687,1
754, Fri,12,Dec,2014,28,2,15,31,37,4,6,25517469,0
753, Tue,9,Dec,2014,31,1,3,42,46,11,4,17246777,0
752, Fri,5,Dec,2014,5,8,48,47,37,3,2,11851500,0
751, Tue,2,Dec,2014,15,25,3,49,44,9,1,57837341,1
750, Fri,28,Nov,2014,10,23,6,41,15,10,4,51217623,0
749, Tue,25,Nov,2014,32,7,36,3,25,1,6,40715869,0
748, Fri,21,Nov,2014,28,32,7,37,4,5,10,34100271,0
747, Tue,18,Nov,2014,3,2,36,38,17,11,4,26007143,0
746, Fri,14,Nov,2014,36,32,38,48,17,8,5,20235047,0
745, Tue,11,Nov,2014,46,14,36,2,21,11,7,11766000,0
744, Fri,7,Nov,2014,32,13,38,46,25,10,1,12935936,2
743, Tue,4,Nov,2014,1,13,6,26,17,3,5,17438916,0
742, Fri,31,Oct,2014,10,41,13,20,33,9,3,11763000,0
741, Tue,28,Oct,2014,45,17,40,10,15,1,2,11848500,1
740, Fri,24,Oct,2014,42,20,3,30,9,6,1,149758000,1
739, Tue,21,Oct,2014,40,33,27,20,21,3,10,143641614,0
738, Fri,17,Oct,2014,49,13,48,1,40,8,10,130128674,0
737, Tue,14,Oct,2014,15,23,32,4,5,7,3,114362313,0
736, Fri,10,Oct,2014,29,42,47,45,6,9,10,101812996,0
735, Tue,7,Oct,2014,38,30,21,9,28,8,1,88304909,0
734, Fri,3,Oct,2014,13,23,50,48,4,10,5,78370000,0
733, Tue,30,Sep,2014,33,13,15,3,42,5,7,25668301,1
732, Fri,26,Sep,2014,46,35,47,13,27,1,2,20137574,0
731, Tue,23,Sep,2014,13,35,14,29,12,1,7,11770500,0
730, Fri,19,Sep,2014,6,34,8,38,48,9,3,68362889,1
729, Tue,16,Sep,2014,4,30,35,50,29,4,2,59479470,0
728, Fri,12,Sep,2014,31,9,33,26,13,7,11,52772468,0
727, Tue,9,Sep,2014,15,35,19,8,24,10,8,44245873,0
726, Fri,5,Sep,2014,18,50,23,46,1,9,3,37783420,0
725, Tue,2,Sep,2014,39,45,25,31,5,8,1,29994082,0
724, Fri,29,Aug,2014,32,38,26,9,2,3,6,24464842,0
723, Tue,26,Aug,2014,36,48,45,10,22,11,4,16991311,0
722, Fri,22,Aug,2014,29,17,49,35,4,1,2,12000000,0
721, Tue,19,Aug,2014,11,34,47,4,7,7,8,43584628,1
720, Fri,15,Aug,2014,4,21,30,5,23,10,8,37718167,0
719, Tue,12,Aug,2014,22,19,7,16,33,5,2,30079457,0
718, Fri,8,Aug,2014,29,21,35,46,43,1,9,24759542,0
717, Tue,5,Aug,2014,5,21,42,7,19,11,5,17029645,0
716, Fri,1,Aug,2014,50,44,46,48,24,10,5,11977500,0
715, Tue,29,Jul,2014,40,23,35,10,43,9,3,29815964,1
714, Fri,25,Jul,2014,10,24,9,12,43,5,9,24470875,0
713, Tue,22,Jul,2014,1,43,50,45,24,5,8,16916606,0
712, Fri,18,Jul,2014,1,41,43,11,29,3,11,11878500,0
711, Tue,15,Jul,2014,18,27,15,34,20,1,3,53758144,1
710, Fri,11,Jul,2014,38,35,5,49,22,7,4,47789038,0
709, Tue,8,Jul,2014,24,18,22,8,27,11,4,39193498,0
708, Fri,4,Jul,2014,47,18,43,39,4,6,2,33347512,0
707, Tue,1,Jul,2014,39,25,18,22,27,5,10,25344616,0
706, Fri,27,Jun,2014,39,34,45,33,31,2,10,19914711,0
705, Tue,24,Jun,2014,20,1,7,21,48,4,7,12021000,0
704, Fri,20,Jun,2014,5,38,49,15,25,1,2,19964918,1
703, Tue,17,Jun,2014,48,13,37,40,11,8,9,11983500,0
702, Fri,13,Jun,2014,16,22,28,46,18,11,9,109589905,1
701, Tue,10,Jun,2014,12,18,21,33,32,1,11,95933457,0
700, Fri,6,Jun,2014,34,40,25,7,49,9,11,86858395,0
699, Tue,3,Jun,2014,2,39,32,15,44,5,10,72437363,0
698, Fri,30,May,2014,27,41,24,45,5,7,6,64246871,0
697, Tue,27,May,2014,16,13,26,25,7,1,6,54445724,0
696, Fri,23,May,2014,31,3,47,8,34,11,9,48094706,0
695, Tue,20,May,2014,38,5,36,33,47,4,9,39669453,0
694, Fri,16,May,2014,26,23,37,29,40,4,3,33974182,0
693, Tue,13,May,2014,47,34,13,30,4,6,2,25746571,0
692, Fri,9,May,2014,45,28,3,26,21,10,7,20214823,0
691, Tue,6,May,2014,37,5,19,31,24,9,1,12321000,0
690, Fri,2,May,2014,30,42,4,31,38,11,2,73205660,1
689, Tue,29,Apr,2014,35,26,18,23,44,3,11,62955401,0
688, Fri,25,Apr,2014,13,49,44,21,24,9,1,56005506,0
687, Tue,22,Apr,2014,20,46,15,24,13,8,1,46672601,0
686, Fri,18,Apr,2014,21,47,31,39,24,3,7,40962533,0
685, Tue,15,Apr,2014,14,50,47,26,3,7,11,32625427,0
684, Fri,11,Apr,2014,8,33,30,12,19,4,11,26905670,0
683, Tue,8,Apr,2014,42,11,29,18,49,11,4,17853605,0
682, Fri,4,Apr,2014,50,45,28,6,10,10,11,12415500,0
681, Tue,1,Apr,2014,44,38,18,16,26,10,8,12457500,1
680, Fri,28,Mar,2014,3,43,19,28,4,3,7,20942416,1
679, Tue,25,Mar,2014,28,50,26,7,20,8,2,12549000,0
678, Fri,21,Mar,2014,37,7,39,30,42,7,5,21325022,1
677, Tue,18,Mar,2014,27,36,34,8,39,5,10,12603000,0
676, Fri,14,Mar,2014,30,24,6,27,25,9,5,107932603,1
675, Tue,11,Mar,2014,1,4,44,33,23,8,7,93707468,0
674, Fri,7,Mar,2014,38,10,40,5,41,1,8,82990000,0
673, Tue,4,Mar,2014,3,22,5,27,44,6,1,12375000,0
672, Fri,28,Feb,2014,38,44,32,12,43,2,7,35072863,1
671, Tue,25,Feb,2014,42,21,25,28,35,6,4,26289565,0
670, Fri,21,Feb,2014,28,13,17,30,32,5,7,20630644,0
669, Tue,18,Feb,2014,36,37,26,23,49,6,7,12378000,0
668, Fri,14,Feb,2014,19,39,4,2,6,2,7,20927566,1
667, Tue,11,Feb,2014,47,25,8,17,41,1,2,12445500,0
666, Fri,7,Feb,2014,17,19,47,3,46,9,10,21037161,1
665, Tue,4,Feb,2014,37,1,33,21,38,8,4,12433500,0
664, Fri,31,Jan,2014,10,15,31,8,16,8,9,59249234,1
663, Tue,28,Jan,2014,18,23,48,20,42,2,9,49446896,0
662, Fri,24,Jan,2014,19,41,35,34,5,1,5,43002299,0
661, Tue,21,Jan,2014,4,42,35,48,12,5,8,33466125,0
660, Fri,17,Jan,2014,26,19,33,42,32,10,4,27266155,0
659, Tue,14,Jan,2014,25,18,20,26,37,11,10,18577883,0
658, Fri,10,Jan,2014,1,27,2,11,29,10,1,12453000,0
657, Tue,7,Jan,2014,2,45,20,27,33,6,10,54123899,2
656, Fri,3,Jan,2014,3,44,27,38,31,3,8,96289141,0
655, Tue,31,Dec,2013,29,45,24,20,13,7,3,83850382,0
654, Fri,27,Dec,2013,1,22,6,13,28,10,5,72089654,0
653, Tue,24,Dec,2013,5,31,43,50,19,6,2,62469261,0
652, Fri,20,Dec,2013,13,22,17,43,12,10,3,53875274,0
651, Tue,17,Dec,2013,41,6,8,37,27,7,10,44362413,0
650, Fri,13,Dec,2013,24,22,23,1,31,6,11,37664283,0
649, Tue,10,Dec,2013,49,50,24,6,35,7,1,26551498,0
648, Fri,6,Dec,2013,18,31,36,2,1,7,10,20874773,0
647, Tue,3,Dec,2013,32,6,29,15,13,2,9,12445500,0
646, Fri,29,Nov,2013,10,23,7,2,43,4,7,12429000,1
645, Tue,26,Nov,2013,44,27,23,42,19,5,3,26863588,1
644, Fri,22,Nov,2013,40,26,13,25,50,8,9,21186645,0
643, Tue,19,Nov,2013,45,14,19,36,15,1,10,12606000,0
642, Fri,15,Nov,2013,13,42,3,15,29,4,1,83830000,1
641, Tue,12,Nov,2013,29,48,40,37,14,11,2,12682500,0
640, Fri,8,Nov,2013,35,20,42,43,28,8,10,6255000,2
639, Tue,5,Nov,2013,35,38,12,13,6,2,3,18107224,1
638, Fri,1,Nov,2013,19,33,29,30,7,3,8,12709500,0
637, Tue,29,Oct,2013,32,9,10,30,37,6,2,12856500,1
636, Fri,25,Oct,2013,2,31,38,3,10,6,10,27080608,1
635, Tue,22,Oct,2013,39,33,29,44,41,9,11,18308847,0
634, Fri,18,Oct,2013,25,36,47,46,5,2,6,12711000,0
633, Tue,15,Oct,2013,39,18,27,43,47,7,4,43086063,1
632, Fri,11,Oct,2013,6,17,23,12,43,5,9,36840020,0
631, Tue,8,Oct,2013,23,24,33,42,26,5,3,27440665,0
630, Fri,4,Oct,2013,50,35,6,24,20,5,10,21498731,0
629, Tue,1,Oct,2013,19,44,48,25,23,9,8,12544500,0
628, Fri,27,Sep,2013,41,15,11,38,43,6,2,55193986,1
627, Tue,24,Sep,2013,43,20,10,28,26,9,11,45405876,0
626, Fri,20,Sep,2013,5,11,38,35,45,2,3,38960567,0
625, Tue,17,Sep,2013,44,17,21,42,13,11,9,29412765,0
624, Fri,13,Sep,2013,14,27,6,4,33,10,5,23253808,0
623, Tue,10,Sep,2013,7,28,30,14,11,2,10,12666000,0
622, Fri,6,Sep,2013,25,11,32,23,37,7,4,10801883,2
621, Tue,3,Sep,2013,5,18,16,42,9,7,9,12709500,0
620, Fri,30,Aug,2013,45,25,17,36,2,5,9,10942818,2
619, Tue,27,Aug,2013,7,40,38,43,30,6,2,12931500,0
618, Fri,23,Aug,2013,30,37,26,6,1,8,5,80738985,1
617, Tue,20,Aug,2013,42,11,50,49,5,8,11,68593880,0
616, Fri,16,Aug,2013,39,20,24,37,27,5,10,60621367,0
615, Tue,13,Aug,2013,5,20,47,17,50,1,4,51018937,0
614, Fri,9,Aug,2013,24,4,23,7,9,9,8,44134518,0
613, Tue,6,Aug,2013,17,47,16,49,31,3,11,34673271,0
612, Fri,2,Aug,2013,42,36,48,37,21,7,4,28309281,0
611, Tue,30,Jul,2013,3,14,4,11,43,1,6,19184610,0
610, Fri,26,Jul,2013,23,38,29,12,49,4,3,13081162,0
609, Tue,23,Jul,2013,19,14,44,16,15,4,5,12907500,1
608, Fri,19,Jul,2013,24,35,13,26,16,5,2,12925500,1
607, Tue,16,Jul,2013,50,34,47,19,23,4,6,19201363,1
606, Fri,12,Jul,2013,26,42,33,18,32,3,2,12987000,0
605, Tue,9,Jul,2013,18,16,38,49,31,10,4,28847237,1
604, Fri,5,Jul,2013,28,4,33,12,15,1,10,22417687,0
603, Tue,2,Jul,2013,14,13,11,28,30,4,5,12844500,0
602, Fri,28,Jun,2013,15,1,47,28,35,7,1,12843000,1
601, Tue,25,Jun,2013,4,13,35,27,5,2,1,79779517,2
600, Fri,21,Jun,2013,30,11,36,45,10,1,2,143627629,0
599, Tue,18,Jun,2013,24,33,17,41,44,11,1,125775679,0
598, Fri,14,Jun,2013,41,25,48,10,47,6,10,111780731,0
597, Tue,11,Jun,2013,7,9,25,5,41,5,1,96181290,0
596, Fri,7,Jun,2013,14,26,45,50,7,2,7,85130000,0
595, Tue,4,Jun,2013,34,33,40,31,37,6,1,19080295,0
594, Fri,31,May,2013,29,43,28,34,27,10,5,12841500,0
593, Tue,28,May,2013,34,38,13,8,26,3,11,81381673,1
592, Fri,24,May,2013,22,17,40,7,27,2,3,73074352,0
591, Tue,21,May,2013,29,19,8,28,7,9,5,61122965,0
590, Fri,17,May,2013,25,24,50,6,20,9,10,53520165,0
589, Tue,14,May,2013,24,7,8,36,27,11,5,43382876,0
588, Fri,10,May,2013,48,35,45,1,32,4,11,36503084,0
587, Tue,7,May,2013,43,27,13,28,42,4,6,27337587,0
586, Fri,3,May,2013,5,49,34,3,40,2,3,21355336,0
585, Tue,30,Apr,2013,13,50,40,43,36,9,5,12727500,0
584, Fri,26,Apr,2013,40,38,16,24,11,2,5,27335676,1
583, Tue,23,Apr,2013,50,4,1,7,10,4,11,18557707,0
582, Fri,19,Apr,2013,1,46,8,42,48,4,7,12874500,0
581, Tue,16,Apr,2013,33,50,22,1,11,4,6,12879000,1
580, Fri,12,Apr,2013,28,45,15,5,10,3,9,22422511,1
579, Tue,9,Apr,2013,15,44,48,38,35,10,5,12825000,0
578, Fri,5,Apr,2013,32,1,17,39,11,7,2,11268414,2
577, Tue,2,Apr,2013,17,12,41,29,25,1,4,12741000,0
576, Fri,29,Mar,2013,44,30,46,43,13,9,5,112017541,1
575, Tue,26,Mar,2013,44,30,26,42,4,6,11,96302211,0
574, Fri,22,Mar,2013,27,32,12,34,49,9,8,85330000,0
573, Tue,19,Mar,2013,44,32,19,37,35,9,1,18770152,0
572, Fri,15,Mar,2013,24,14,39,4,21,10,3,12997500,0
571, Tue,12,Mar,2013,50,4,10,2,22,5,8,13135500,1
570, Fri,8,Mar,2013,20,42,23,28,3,8,11,45058160,1
569, Tue,5,Mar,2013,33,31,19,8,39,7,2,34631815,0
568, Fri,1,Mar,2013,1,11,36,29,42,4,5,28372232,0
567, Tue,26,Feb,2013,12,13,17,3,30,6,2,18874481,0
566, Fri,22,Feb,2013,15,37,36,16,28,2,11,12981000,0
565, Tue,19,Feb,2013,28,30,44,12,15,9,8,52357563,1
564, Fri,15,Feb,2013,2,4,42,28,22,4,9,44855571,0
563, Tue,12,Feb,2013,28,25,5,11,16,7,9,34628142,0
562, Fri,8,Feb,2013,14,44,11,34,9,11,10,27886637,0
561, Tue,5,Feb,2013,25,6,45,40,31,6,7,19070109,0
560, Fri,1,Feb,2013,37,5,34,38,21,1,6,13063500,0
559, Tue,29,Jan,2013,9,16,36,26,39,6,2,6431250,2
558, Fri,25,Jan,2013,3,10,37,18,31,2,4,37772357,1
557, Tue,22,Jan,2013,45,10,48,1,44,4,1,27777897,0
556, Fri,18,Jan,2013,39,26,27,30,4,10,3,21672986,0
555, Tue,15,Jan,2013,47,42,22,40,38,11,1,12441000,0
554, Fri,11,Jan,2013,37,22,29,4,41,7,4,28307149,1
553, Tue,8,Jan,2013,22,26,47,2,20,9,5,18341712,0
552, Fri,4,Jan,2013,4,10,27,22,41,10,8,12216000,0
551, Tue,1,Jan,2013,36,49,2,7,8,11,1,10243449,3
550, Fri,28,Dec,2012,26,49,27,24,17,3,5,21875652,0
549, Tue,25,Dec,2012,14,20,32,23,18,3,10,12322500,0
548, Fri,21,Dec,2012,40,5,3,42,22,3,10,83087699,1
547, Tue,18,Dec,2012,35,14,44,18,20,5,2,70070413,0
546, Fri,14,Dec,2012,40,29,11,43,10,11,3,62293153,0
545, Tue,11,Dec,2012,50,4,9,1,43,6,8,51106703,0
544, Fri,7,Dec,2012,10,18,31,42,16,2,5,44054164,0
543, Tue,4,Dec,2012,29,5,28,44,10,2,4,34505412,0
542, Fri,30,Nov,2012,18,23,40,24,10,3,4,27864810,0
541, Tue,27,Nov,2012,49,44,6,10,23,7,1,18165905,0
540, Fri,23,Nov,2012,11,20,40,9,1,5,1,12147000,0
539, Tue,20,Nov,2012,42,28,45,30,49,10,5,18330737,1
538, Fri,16,Nov,2012,15,19,41,23,10,2,9,12039000,0
537, Tue,13,Nov,2012,29,11,21,24,16,6,2,136124363,1
536, Fri,9,Nov,2012,47,28,14,21,22,5,4,122416477,0
535, Tue,6,Nov,2012,35,25,20,41,7,1,9,106443387,0
534, Fri,2,Nov,2012,6,10,3,44,11,3,4,95574746,0
533, Tue,30,Oct,2012,23,44,25,24,31,2,3,82777654,0
532, Fri,26,Oct,2012,9,5,6,38,27,5,11,73585548,0
531, Tue,23,Oct,2012,1,35,38,50,28,2,10,62668378,0
530, Fri,19,Oct,2012,16,40,44,37,29,8,10,55297557,0
529, Tue,16,Oct,2012,41,10,40,49,32,2,8,44407071,0
528, Fri,12,Oct,2012,35,7,17,43,6,2,8,37648529,0
527, Tue,9,Oct,2012,23,8,10,25,2,8,9,27768213,0
526, Fri,5,Oct,2012,19,16,18,21,9,3,2,21701658,0
525, Tue,2,Oct,2012,16,42,21,36,4,8,7,12015000,0
524, Fri,28,Sep,2012,20,26,30,33,23,6,9,79750000,1
523, Tue,25,Sep,2012,48,25,27,49,7,1,4,27120727,0
522, Fri,21,Sep,2012,41,4,34,43,19,7,11,21218945,0
521, Tue,18,Sep,2012,38,7,39,44,6,7,9,12058500,0
520, Fri,14,Sep,2012,27,10,44,23,3,9,7,21511885,1
519, Tue,11,Sep,2012,15,6,37,22,44,2,4,12016500,0
518, Fri,7,Sep,2012,15,35,13,30,42,4,6,37827315,1
517, Tue,4,Sep,2012,18,39,17,44,11,10,5,27605924,0
516, Fri,31,Aug,2012,31,28,16,48,33,11,7,21380703,0
515, Tue,28,Aug,2012,1,26,25,44,18,5,4,11914500,0
514, Fri,24,Aug,2012,6,5,19,37,12,7,3,37709047,1
513, Tue,21,Aug,2012,17,5,38,4,48,4,3,27638401,0
512, Fri,17,Aug,2012,19,25,33,44,28,8,2,21173767,0
511, Tue,14,Aug,2012,45,16,42,1,38,9,10,11805000,0
510, Fri,10,Aug,2012,50,21,17,48,11,9,10,148656000,1
509, Tue,7,Aug,2012,20,50,34,46,27,3,2,151012000,0
508, Fri,3,Aug,2012,34,35,42,24,46,5,1,142677285,0
507, Tue,31,Jul,2012,35,39,4,36,29,9,8,123419567,0
506, Fri,27,Jul,2012,14,15,21,23,48,2,10,110973507,0
505, Tue,24,Jul,2012,18,25,4,16,44,11,1,87418315,0
504, Fri,20,Jul,2012,19,23,10,45,49,9,10,79035843,0
503, Tue,17,Jul,2012,24,2,43,7,46,10,8,67543388,0
502, Fri,13,Jul,2012,18,46,35,25,8,9,4,60323858,0
501, Tue,10,Jul,2012,37,1,24,16,3,8,1,48445181,0
500, Fri,6,Jul,2012,40,42,38,31,32,3,1,42076911,0
499, Tue,3,Jul,2012,22,7,2,40,27,6,3,32812559,0
498, Fri,29,Jun,2012,14,17,28,39,29,11,1,26900432,0
497, Tue,26,Jun,2012,11,22,35,20,1,10,8,17516871,0
496, Fri,22,Jun,2012,18,14,19,43,49,7,3,12117000,0
495, Tue,19,Jun,2012,7,17,20,35,50,5,11,12109500,1
494, Fri,15,Jun,2012,48,38,27,22,10,3,7,10814550,2
493, Tue,12,Jun,2012,30,26,48,15,8,9,10,12043500,0
492, Fri,8,Jun,2012,11,22,5,34,40,9,11,63837544,2
491, Tue,5,Jun,2012,13,49,37,47,34,8,9,109315762,0
490, Fri,1,Jun,2012,26,2,36,14,4,9,10,97123444,0
489, Tue,29,May,2012,28,17,25,15,8,3,11,80806756,0
488, Fri,25,May,2012,35,12,22,49,46,2,8,71823678,0
487, Tue,22,May,2012,31,32,41,16,37,7,1,60290704,0
486, Fri,18,May,2012,29,50,43,47,13,9,11,53068969,0
485, Tue,15,May,2012,13,2,50,11,26,5,2,41232245,0
484, Fri,11,May,2012,1,17,13,44,38,2,11,35495169,0
483, Tue,8,May,2012,3,34,48,38,21,5,8,26250991,0
482, Fri,4,May,2012,26,41,40,39,3,1,2,21084008,0
481, Tue,1,May,2012,4,15,41,5,19,11,9,12258000,0
480, Fri,27,Apr,2012,36,43,30,27,20,1,6,36231900,1
479, Tue,24,Apr,2012,8,24,48,43,9,3,5,26895374,0
478, Fri,20,Apr,2012,32,41,29,3,6,11,10,21345735,0
477, Tue,17,Apr,2012,10,28,49,48,33,10,1,12369000,0
476, Fri,13,Apr,2012,8,39,43,13,26,3,5,44408417,1
475, Tue,10,Apr,2012,37,27,22,25,36,9,5,32603075,0
474, Fri,6,Apr,2012,11,35,45,20,30,2,3,27033455,0
473, Tue,3,Apr,2012,1,8,18,25,30,10,9,18087550,0
472, Fri,30,Mar,2012,46,17,23,4,36,10,6,12522000,0
471, Tue,27,Mar,2012,29,36,27,34,24,7,8,12555000,1
470, Fri,23,Mar,2012,50,15,9,23,31,8,11,21827112,1
469, Tue,20,Mar,2012,28,30,15,16,46,3,4,12508500,0
468, Fri,16,Mar,2012,12,4,50,3,23,4,7,38034640,1
467, Tue,13,Mar,2012,47,1,25,10,43,8,9,28201173,0
466, Fri,9,Mar,2012,39,36,32,47,3,6,9,22200501,0
465, Tue,6,Mar,2012,23,47,27,37,24,6,2,12525000,0
464, Fri,2,Mar,2012,44,5,11,6,30,6,2,22198233,1
463, Tue,28,Feb,2012,10,48,1,17,33,2,3,12720000,0
462, Fri,24,Feb,2012,34,3,12,26,7,10,8,46432285,1
461, Tue,21,Feb,2012,11,14,24,25,29,7,11,35142486,0
460, Fri,17,Feb,2012,11,4,47,28,38,11,10,28527269,0
459, Tue,14,Feb,2012,36,14,42,46,27,11,8,18731949,0
458, Fri,10,Feb,2012,3,14,31,41,8,7,11,12565500,0
457, Tue,7,Feb,2012,15,3,17,33,28,2,4,45160171,1
456, Fri,3,Feb,2012,16,20,19,25,28,1,10,38388399,0
455, Tue,31,Jan,2012,43,34,38,9,45,4,2,28074424,0
454, Fri,27,Jan,2012,10,19,44,13,39,6,2,22380458,0
453, Tue,24,Jan,2012,1,20,6,2,36,11,8,12523500,0
452, Fri,20,Jan,2012,10,28,27,2,22,8,6,40627241,1
451, Tue,17,Jan,2012,12,44,22,30,31,5,6,30343120,0
450, Fri,13,Jan,2012,39,13,21,14,27,8,6,24189679,0
449, Tue,10,Jan,2012,9,4,30,10,40,9,2,12394500,0
448, Fri,6,Jan,2012,1,6,10,31,12,7,2,30177623,2
447, Tue,3,Jan,2012,42,30,45,3,49,5,10,50010872,0
446, Fri,30,Dec,2011,36,44,43,16,50,8,7,43303615,0
445, Tue,27,Dec,2011,26,21,25,19,44,7,3,31879970,0
444, Fri,23,Dec,2011,22,7,24,28,21,1,11,25852188,0
443, Tue,20,Dec,2011,14,48,1,9,12,7,1,12549000,0
442, Fri,16,Dec,2011,10,2,23,31,5,5,2,39175449,1
441, Tue,13,Dec,2011,12,37,18,33,7,1,11,28908882,0
440, Fri,9,Dec,2011,21,12,47,44,29,2,1,22918879,0
439, Tue,6,Dec,2011,34,21,20,38,19,9,3,12904500,0
438, Fri,2,Dec,2011,27,40,7,43,30,9,8,23341756,1
437, Tue,29,Nov,2011,25,50,11,45,41,7,2,12825000,0
436, Fri,25,Nov,2011,34,14,26,19,28,5,8,30126040,1
435, Tue,22,Nov,2011,16,40,38,24,18,2,4,18941023,0
434, Fri,18,Nov,2011,39,44,24,4,12,2,4,12850500,0
433, Tue,15,Nov,2011,47,17,22,6,45,3,11,12817500,1
432, Fri,11,Nov,2011,30,18,1,4,23,3,7,58162735,1
431, Tue,8,Nov,2011,40,15,4,29,1,1,5,46793457,0
430, Fri,4,Nov,2011,41,50,11,43,14,9,2,39862087,0
429, Tue,1,Nov,2011,20,45,23,14,46,1,11,28991611,0
428, Fri,28,Oct,2011,39,16,20,17,50,4,8,23734845,0
427, Tue,25,Oct,2011,39,28,22,12,27,4,10,13059000,0
426, Fri,21,Oct,2011,37,19,2,33,46,5,8,20841014,2
425, Tue,18,Oct,2011,46,18,37,48,23,2,10,30927684,0
424, Fri,14,Oct,2011,47,23,12,29,32,3,5,24130874,0
423, Tue,11,Oct,2011,1,4,12,16,48,9,10,13152000,0
422, Fri,7,Oct,2011,42,34,18,38,26,8,5,101203601,1
421, Tue,4,Oct,2011,14,16,23,45,38,8,11,86290000,0
420, Fri,30,Sep,2011,28,15,44,31,5,1,6,13912755,3
419, Tue,27,Sep,2011,28,18,40,27,35,3,5,30913743,0
418, Fri,23,Sep,2011,6,33,48,14,34,6,2,23961854,0
417, Tue,20,Sep,2011,25,38,19,9,36,11,7,13039500,0
416, Fri,16,Sep,2011,39,2,42,17,8,3,10,13108500,1
415, Tue,13,Sep,2011,28,32,49,9,30,9,10,140822522,1
414, Fri,9,Sep,2011,5,21,28,31,34,2,1,126867263,0
413, Tue,6,Sep,2011,42,35,50,48,47,9,8,111920466,0
412, Fri,2,Sep,2011,37,12,26,38,44,4,7,101404135,0
411, Tue,30,Aug,2011,46,8,2,10,19,5,9,87376837,0
410, Fri,26,Aug,2011,12,22,25,33,45,5,7,78976312,0
409, Tue,23,Aug,2011,42,50,6,14,4,2,4,65488523,0
408, Fri,19,Aug,2011,16,6,31,28,14,11,2,58085462,0
407, Tue,16,Aug,2011,45,18,1,13,17,8,3,47058914,0
406, Fri,12,Aug,2011,7,20,37,10,27,7,4,40675287,0
405, Tue,9,Aug,2011,36,24,34,7,23,11,8,30055771,0
404, Fri,5,Aug,2011,34,32,18,14,13,1,10,23440309,0
403, Tue,2,Aug,2011,8,33,14,24,5,8,3,13080000,0
402, Fri,29,Jul,2011,37,38,19,27,12,5,10,23933989,1
401, Tue,26,Jul,2011,5,1,25,48,22,11,3,13272000,0
400, Fri,22,Jul,2011,4,50,15,49,23,2,6,6612750,2
399, Tue,19,Jul,2011,16,3,25,35,26,5,9,20319793,1
398, Fri,15,Jul,2011,26,6,33,39,34,3,4,13173000,0
397, Tue,12,Jul,2011,19,17,42,45,38,9,10,161653000,1
396, Fri,8,Jul,2011,12,13,23,40,49,7,10,164761000,0
395, Tue,5,Jul,2011,28,47,29,11,49,5,1,159008879,0
394, Fri,1,Jul,2011,11,23,31,8,46,9,8,141820902,0
393, Tue,28,Jun,2011,16,15,44,30,50,3,2,120687895,0
392, Fri,24,Jun,2011,41,20,5,30,16,11,6,107428374,0
391, Tue,21,Jun,2011,49,50,20,17,35,4,3,91693456,0
390, Fri,17,Jun,2011,11,22,21,16,44,8,3,82001875,0
389, Tue,14,Jun,2011,41,19,48,5,12,8,10,68132630,0
388, Fri,10,Jun,2011,37,20,3,48,19,8,11,60872491,0
387, Tue,7,Jun,2011,25,38,40,6,36,10,4,48962688,0
386, Fri,3,Jun,2011,49,40,50,39,4,2,5,41359053,0
385, Tue,31,May,2011,22,9,10,50,1,11,5,29730067,0
384, Fri,27,May,2011,28,9,49,25,17,9,8,23752200,0
383, Tue,24,May,2011,16,23,24,26,29,2,9,13102500,0
382, Fri,20,May,2011,10,14,20,25,42,8,11,24115451,1
381, Tue,17,May,2011,37,20,21,45,46,3,2,13143000,0
380, Fri,13,May,2011,17,47,11,36,9,2,1,105892179,1
379, Tue,10,May,2011,28,3,45,10,15,7,5,88200000,0
378, Fri,6,May,2011,28,16,20,22,11,4,9,25227296,1
377, Fri,29,Apr,2011,38,40,25,15,41,1,2,13335000,0
376, Fri,22,Apr,2011,22,45,48,11,36,1,4,38301216,1
375, Fri,15,Apr,2011,4,41,6,21,39,2,6,25974202,0
374, Fri,8,Apr,2011,21,47,23,38,50,6,2,13275000,0
373, Fri,1,Apr,2011,17,33,22,21,4,4,8,13269000,1
372, Fri,25,Mar,2011,12,21,6,33,27,7,3,60861008,2
371, Fri,18,Mar,2011,50,13,26,1,20,7,6,94101577,0
370, Fri,11,Mar,2011,17,24,37,19,46,2,7,71628834,0
369, Fri,4,Mar,2011,28,41,25,11,27,8,5,53278317,0
368, Fri,25,Feb,2011,42,45,13,48,12,3,9,37687076,0
367, Fri,18,Feb,2011,45,3,49,15,2,9,5,24146665,0
366, Fri,11,Feb,2011,15,14,12,19,23,7,8,12714000,0
365, Fri,4,Feb,2011,2,11,24,35,47,5,9,4873640,5
364, Fri,28,Jan,2011,41,24,23,42,13,5,1,12940500,0
363, Fri,21,Jan,2011,21,11,13,3,18,5,4,12354361,2
362, Fri,14,Jan,2011,44,2,24,14,39,7,6,12657000,0
361, Fri,7,Jan,2011,32,22,1,48,50,7,6,12487500,1
360, Fri,31,Dec,2010,2,24,43,38,34,1,7,13178614,1
359, Fri,24,Dec,2010,46,19,42,36,38,8,2,16301884,1
358, Fri,17,Dec,2010,3,35,29,42,20,3,8,37234742,1
357, Fri,10,Dec,2010,46,2,10,3,33,8,7,24100215,0
356, Fri,3,Dec,2010,28,32,46,8,19,4,7,12748500,0
355, Fri,26,Nov,2010,9,41,36,49,28,7,5,38556253,1
354, Fri,19,Nov,2010,36,12,15,45,32,9,7,25874272,0
353, Fri,12,Nov,2010,23,47,7,19,29,6,1,13716650,0
352, Fri,5,Nov,2010,21,23,33,50,40,5,4,25300621,1
351, Fri,29,Oct,2010,32,22,16,42,20,8,9,13042500,0
350, Fri,22,Oct,2010,39,5,11,9,4,3,5,13115962,2
349, Fri,15,Oct,2010,38,31,2,36,43,7,3,13152000,0
348, Fri,8,Oct,2010,46,35,39,30,9,6,8,113019926,1
347, Fri,1,Oct,2010,4,27,6,48,1,1,6,87100000,0
346, Fri,24,Sep,2010,1,16,48,4,40,1,9,12235471,2
345, Fri,17,Sep,2010,50,27,38,17,29,3,1,12558000,0
344, Fri,10,Sep,2010,35,41,21,45,17,5,1,12454500,1
343, Fri,3,Sep,2010,24,49,47,26,13,4,8,12543000,1
342, Fri,27,Aug,2010,13,6,30,1,49,1,9,6173250,2
341, Fri,20,Aug,2010,27,31,5,42,40,6,1,12202500,1
340, Fri,13,Aug,2010,15,9,47,21,4,7,2,4093500,3
339, Fri,6,Aug,2010,42,28,13,29,25,4,5,12502500,1
338, Fri,30,Jul,2010,39,11,3,4,28,8,2,23414853,1
337, Fri,23,Jul,2010,4,13,35,37,46,3,9,12592500,0
336, Fri,16,Jul,2010,49,46,45,39,38,7,8,35767540,1
335, Fri,9,Jul,2010,37,9,49,24,39,3,9,23591586,0
334, Fri,2,Jul,2010,46,41,36,13,12,8,1,12424500,0
333, Fri,25,Jun,2010,18,1,8,28,31,9,8,23090988,1
332, Fri,18,Jun,2010,2,29,31,38,32,4,1,12540000,0
331, Fri,11,Jun,2010,44,2,36,22,24,2,1,12408000,1
330, Fri,4,Jun,2010,34,42,17,40,4,9,4,12442500,1
329, Fri,28,May,2010,9,31,32,33,4,3,7,12693000,1
328, Fri,21,May,2010,38,19,50,7,30,4,7,13072500,1
327, Fri,14,May,2010,17,31,43,47,1,3,2,84451321,1
326, Fri,7,May,2010,15,21,6,3,32,7,9,67967955,0
325, Fri,30,Apr,2010,6,36,22,25,24,3,8,52603784,0
324, Fri,23,Apr,2010,46,3,7,8,43,6,8,38064784,0
323, Fri,16,Apr,2010,17,11,26,40,9,9,3,25378348,0
322, Fri,9,Apr,2010,44,23,24,21,7,3,4,13177500,0
321, Fri,2,Apr,2010,26,18,12,24,45,5,4,13339500,1
320, Fri,26,Mar,2010,18,37,8,16,43,2,6,39754555,1
319, Fri,19,Mar,2010,38,28,30,39,10,7,2,26412247,0
318, Fri,12,Mar,2010,46,1,26,36,33,7,6,13633500,0
317, Fri,5,Mar,2010,19,18,49,12,43,9,3,41706216,1
316, Fri,26,Feb,2010,42,11,29,7,18,7,6,26963008,0
315, Fri,19,Feb,2010,37,12,38,31,43,3,2,13222500,0
314, Fri,12,Feb,2010,5,45,1,38,18,6,4,56008113,2
313, Fri,5,Feb,2010,46,38,34,35,39,3,4,87570000,0
312, Fri,29,Jan,2010,39,43,30,17,9,7,5,25403095,1
311, Fri,22,Jan,2010,4,44,27,22,36,9,7,13197000,0
310, Fri,15,Jan,2010,49,50,26,29,11,4,7,26151124,2
309, Fri,8,Jan,2010,44,5,14,4,46,9,8,38666984,0
308, Fri,1,Jan,2010,22,24,27,36,9,7,5,25315385,0
307, Fri,25,Dec,2009,4,17,5,34,14,5,3,13590000,0
306, Fri,18,Dec,2009,49,30,35,32,14,8,3,52883496,1
305, Fri,11,Dec,2009,41,43,44,46,20,2,9,39585642,0
304, Fri,4,Dec,2009,25,30,19,18,44,3,1,26301056,0
303, Fri,27,Nov,2009,33,15,13,5,8,8,9,13660500,0
302, Fri,20,Nov,2009,47,9,28,5,43,2,9,13536000,1
301, Fri,13,Nov,2009,15,25,32,26,13,4,3,14839480,1
300, Fri,6,Nov,2009,19,43,45,34,11,5,9,45570836,2
299, Fri,30,Oct,2009,35,9,33,38,40,6,2,71278155,0
298, Fri,23,Oct,2009,20,6,18,29,31,8,2,55868893,0
297, Fri,16,Oct,2009,23,30,31,47,12,3,4,40391228,0
296, Fri,9,Oct,2009,29,11,46,7,50,4,7,27066647,0
295, Fri,2,Oct,2009,44,29,24,23,22,5,1,13764000,0
294, Fri,25,Sep,2009,6,21,18,17,34,9,3,13830000,1
293, Fri,18,Sep,2009,30,16,41,38,6,2,4,90740000,1
292, Fri,11,Sep,2009,42,15,12,35,43,6,4,37805108,0
291, Fri,4,Sep,2009,20,39,6,9,38,9,3,24942782,0
290, Fri,28,Aug,2009,37,41,49,36,8,7,5,13219500,0
289, Fri,21,Aug,2009,16,42,31,7,4,5,3,32731271,2
288, Fri,14,Aug,2009,30,5,8,49,24,9,3,49372566,0
287, Fri,7,Aug,2009,22,10,31,24,20,7,2,35727239,0
286, Fri,31,Jul,2009,26,9,20,21,5,6,3,23957846,0
285, Fri,24,Jul,2009,15,47,35,25,14,9,5,13008000,0
284, Fri,17,Jul,2009,17,50,8,2,32,3,7,49802092,1
283, Fri,10,Jul,2009,42,20,6,16,46,1,6,36399342,0
282, Fri,3,Jul,2009,29,47,46,34,21,6,8,24056336,0
281, Fri,26,Jun,2009,21,6,11,39,30,8,2,12787500,0
280, Fri,19,Jun,2009,20,17,16,4,29,7,5,12853500,1
279, Fri,12,Jun,2009,50,14,6,16,34,6,4,24951269,2
278, Fri,5,Jun,2009,35,19,40,26,11,2,5,37574774,0
277, Fri,29,May,2009,30,47,2,37,5,6,3,24953014,0
276, Fri,22,May,2009,43,4,14,33,13,6,1,13254000,0
275, Fri,15,May,2009,19,8,42,18,20,5,9,13402500,1
274, Fri,8,May,2009,4,29,23,31,24,9,8,113229891,1
273, Fri,1,May,2009,38,47,31,19,5,3,5,88364737,0
272, Fri,24,Apr,2009,21,4,24,14,41,5,8,69762491,0
271, Fri,17,Apr,2009,7,4,21,44,47,1,5,51694404,0
270, Fri,10,Apr,2009,37,14,9,46,16,2,4,38126495,0
269, Fri,3,Apr,2009,46,24,32,20,2,1,9,25879558,0
268, Fri,27,Mar,2009,25,42,36,33,38,6,7,14082000,0
267, Fri,20,Mar,2009,31,12,35,23,16,4,6,14023690,2
266, Fri,13,Mar,2009,36,42,26,12,24,1,4,14858473,0
265, Fri,6,Mar,2009,13,35,25,17,19,5,6,45060000,2
264, Fri,27,Feb,2009,9,44,5,37,45,9,6,38191683,0
263, Fri,20,Feb,2009,13,48,9,12,14,1,2,25094625,0
262, Fri,13,Feb,2009,33,36,40,22,42,1,2,13461000,0
261, Fri,6,Feb,2009,36,30,20,40,10,3,5,6563250,2
260, Fri,30,Jan,2009,4,34,35,46,29,5,8,25509888,1
259, Fri,23,Jan,2009,36,49,33,40,32,2,8,14193000,0
258, Fri,16,Jan,2009,50,22,17,3,49,3,6,13554000,1
257, Fri,9,Jan,2009,22,7,15,28,48,4,1,50993587,1
256, Fri,2,Jan,2009,48,30,29,37,36,1,6,38731512,0
255, Fri,26,Dec,2008,44,26,2,1,50,1,7,25725186,0
254, Fri,19,Dec,2008,29,50,46,28,40,5,7,14019000,0
253, Fri,12,Dec,2008,2,19,42,28,49,7,2,6723750,2
252, Fri,5,Dec,2008,35,8,21,45,4,5,8,12993000,1
251, Fri,28,Nov,2008,8,25,11,41,16,4,2,23209583,1
250, Fri,21,Nov,2008,50,49,21,9,14,8,3,12733500,0
249, Fri,14,Nov,2008,14,26,10,8,21,4,3,12916500,1
248, Fri,7,Nov,2008,9,1,17,12,18,3,4,12232500,1
247, Fri,31,Oct,2008,34,25,3,41,18,5,2,17036152,2
246, Fri,24,Oct,2008,45,7,15,16,17,6,9,22430836,0
245, Fri,17,Oct,2008,50,12,10,3,42,1,5,11643000,0
244, Fri,10,Oct,2008,15,31,22,4,41,6,1,22911461,1
243, Fri,3,Oct,2008,4,38,13,19,23,2,3,11697000,0
242, Fri,26,Sep,2008,31,29,33,14,37,2,1,102804000,0
241, Fri,19,Sep,2008,14,16,19,31,20,9,6,11848500,0
240, Fri,12,Sep,2008,23,33,37,19,50,7,3,11902500,1
239, Fri,5,Sep,2008,17,12,39,16,7,3,8,48247119,2
238, Fri,29,Aug,2008,2,20,37,25,39,8,5,73535143,0
237, Fri,22,Aug,2008,50,27,29,39,7,7,5,56497830,0
236, Fri,15,Aug,2008,18,11,17,26,31,6,5,42652554,0
235, Fri,8,Aug,2008,15,5,16,45,4,7,4,31572685,0
234, Fri,1,Aug,2008,25,40,22,50,1,1,8,21278542,0
233, Fri,25,Jul,2008,29,7,15,24,11,7,2,11836500,0
232, Fri,18,Jul,2008,16,14,44,10,29,6,5,11904000,1
231, Fri,11,Jul,2008,37,19,11,13,9,3,4,12022500,1
230, Fri,4,Jul,2008,19,22,48,7,27,7,5,11887500,1
229, Fri,27,Jun,2008,20,44,5,50,26,5,7,46162270,1
228, Fri,20,Jun,2008,11,8,36,37,45,3,5,34282210,0
227, Fri,13,Jun,2008,16,37,44,50,13,9,1,23643210,0
226, Fri,6,Jun,2008,21,40,19,50,7,2,9,12021000,0
225, Fri,30,May,2008,14,20,49,7,5,8,2,11785500,1
224, Fri,23,May,2008,5,38,9,19,21,1,7,2989875,4
223, Fri,16,May,2008,6,38,9,25,15,4,9,44376310,1
222, Fri,9,May,2008,8,9,42,40,45,7,6,32235833,0
221, Fri,2,May,2008,26,48,45,37,2,8,4,21330632,0
220, Fri,25,Apr,2008,4,30,26,19,27,8,3,11808000,0
219, Fri,18,Apr,2008,27,6,7,50,3,5,9,46291408,1
218, Fri,11,Apr,2008,50,30,25,45,6,5,7,34029801,0
217, Fri,4,Apr,2008,18,37,47,13,11,6,1,22132109,0
216, Fri,28,Mar,2008,39,9,29,5,17,3,6,11893500,0
215, Fri,21,Mar,2008,10,2,22,18,36,6,4,11700000,1
214, Fri,14,Mar,2008,13,48,35,21,25,4,8,21956568,1
213, Fri,7,Mar,2008,14,17,7,35,2,6,1,11449500,0
212, Fri,29,Feb,2008,37,47,49,40,12,9,2,11482500,1
211, Fri,22,Feb,2008,46,50,4,27,32,8,9,21828987,1
210, Fri,15,Feb,2008,27,45,12,29,46,7,4,11254500,0
209, Fri,8,Feb,2008,17,38,28,44,30,1,4,96525000,0
208, Fri,1,Feb,2008,30,49,45,47,22,4,9,11314500,0
207, Fri,25,Jan,2008,2,19,9,45,6,7,8,56838131,1
206, Fri,18,Jan,2008,46,40,16,14,23,8,4,43043848,0
205, Fri,11,Jan,2008,24,36,50,8,49,4,8,30830593,0
204, Fri,4,Jan,2008,41,24,10,12,25,3,5,20174823,0
203, Fri,28,Dec,2007,45,31,20,22,21,9,7,11092500,0
202, Fri,21,Dec,2007,37,7,44,28,9,7,6,20144622,1
201, Fri,14,Dec,2007,8,30,36,25,44,4,3,10765500,0
200, Fri,7,Dec,2007,48,43,4,2,32,1,7,19829479,1
199, Fri,30,Nov,2007,38,20,12,19,30,9,7,10713000,0
198, Fri,23,Nov,2007,22,2,48,29,10,9,3,19779134,1
197, Fri,16,Nov,2007,23,18,33,37,9,1,8,10744500,0
196, Fri,9,Nov,2007,14,25,36,5,22,6,5,5283750,2
195, Fri,2,Nov,2007,40,16,3,19,18,2,1,28675991,1
194, Fri,26,Oct,2007,20,7,38,40,43,8,1,19424115,0
193, Fri,19,Oct,2007,7,18,34,35,40,7,8,10515000,0
192, Fri,12,Oct,2007,36,47,21,32,46,3,4,5250000,2
191, Fri,5,Oct,2007,20,27,35,44,11,5,2,2085000,5
190, Fri,28,Sep,2007,22,34,44,30,35,4,5,89986000,0
189, Fri,21,Sep,2007,35,37,17,1,32,8,1,19075668,1
188, Fri,14,Sep,2007,33,29,5,9,11,7,9,10407000,0
187, Fri,7,Sep,2007,42,3,34,2,33,5,3,10222500,1
186, Fri,31,Aug,2007,22,37,23,18,6,6,5,26533768,1
185, Fri,24,Aug,2007,16,3,42,1,48,2,3,18180933,0
184, Fri,17,Aug,2007,2,13,42,3,38,7,8,10245000,0
183, Fri,10,Aug,2007,40,43,49,42,23,6,2,35425412,1
182, Fri,3,Aug,2007,41,33,37,30,10,1,8,26567438,0
181, Fri,27,Jul,2007,4,29,21,1,41,8,7,18065039,0
180, Fri,20,Jul,2007,50,26,10,21,25,9,4,10129500,0
179, Fri,13,Jul,2007,13,9,31,15,48,6,3,38751123,1
178, Fri,6,Jul,2007,39,41,4,19,5,9,8,27130830,0
177, Fri,29,Jun,2007,28,8,33,45,12,1,3,18141468,0
176, Fri,22,Jun,2007,22,17,16,11,34,5,6,10143000,0
175, Fri,15,Jun,2007,5,14,40,7,21,3,8,18315755,1
174, Fri,8,Jun,2007,15,17,25,45,1,8,2,10227000,0
173, Fri,1,Jun,2007,22,41,42,37,6,6,9,10213500,1
172, Fri,25,May,2007,49,26,50,29,25,8,7,10198500,1
171, Fri,18,May,2007,49,37,34,26,39,2,6,10300500,1
170, Fri,11,May,2007,12,26,49,7,29,6,2,12184606,3
169, Fri,4,May,2007,17,41,35,6,45,1,5,27129600,0
168, Fri,27,Apr,2007,44,18,7,36,27,1,2,18412118,0
167, Fri,20,Apr,2007,41,26,32,45,23,3,7,10222500,0
166, Fri,13,Apr,2007,20,41,38,7,25,3,7,10255500,1
165, Fri,6,Apr,2007,41,48,29,23,15,6,3,18409444,1
164, Fri,30,Mar,2007,19,9,46,17,41,1,8,10222500,0
163, Fri,23,Mar,2007,43,17,5,40,13,3,1,27883920,1
162, Fri,16,Mar,2007,45,4,31,49,14,9,4,19068212,0
161, Fri,9,Mar,2007,43,25,3,2,48,9,6,10222500,0
160, Fri,2,Mar,2007,3,16,48,34,38,8,5,14407661,2
159, Fri,23,Feb,2007,20,2,22,18,15,5,2,19003239,0
158, Fri,16,Feb,2007,19,39,20,50,8,6,9,10147500,0
157, Fri,9,Feb,2007,36,16,46,30,14,8,2,66980000,1
156, Fri,2,Feb,2007,36,14,27,23,30,1,6,17980945,1
155, Fri,26,Jan,2007,38,11,23,15,30,4,9,9925500,0
154, Fri,19,Jan,2007,27,5,13,33,42,4,2,9892500,1
153, Fri,12,Jan,2007,14,8,25,19,11,3,5,9931500,1
152, Fri,5,Jan,2007,17,45,36,29,19,6,5,26508665,2
151, Fri,29,Dec,2006,14,9,6,13,35,3,4,45347820,0
150, Fri,22,Dec,2006,20,11,43,9,38,2,3,35802728,0
149, Fri,15,Dec,2006,35,37,9,42,23,3,7,26717930,0
148, Fri,8,Dec,2006,47,36,17,16,18,1,2,18316018,0
147, Fri,1,Dec,2006,16,37,8,41,4,2,5,10155000,0
146, Fri,24,Nov,2006,8,5,40,25,17,5,1,5061750,2
145, Fri,17,Nov,2006,36,12,33,22,32,2,6,6750278,20
144, Fri,10,Nov,2006,36,30,14,27,21,2,3,103732783,0
143, Fri,3,Nov,2006,13,11,44,24,49,9,3,88344099,0
142, Fri,27,Oct,2006,3,50,44,4,8,8,7,76340225,0
141, Fri,20,Oct,2006,10,34,47,19,45,6,3,65142684,0
140, Fri,13,Oct,2006,2,32,38,41,25,5,3,56070560,0
139, Fri,6,Oct,2006,5,35,11,22,38,7,8,46854371,0
138, Fri,29,Sep,2006,1,3,24,6,18,5,8,40239985,0
137, Fri,22,Sep,2006,30,45,49,29,10,8,3,31939763,0
136, Fri,15,Sep,2006,10,49,26,6,16,7,9,24337182,0
135, Fri,8,Sep,2006,12,10,32,33,1,8,1,17240142,0
134, Fri,1,Sep,2006,25,50,7,45,3,9,6,10155000,0
133, Fri,25,Aug,2006,47,10,28,48,40,8,6,39013160,1
132, Fri,18,Aug,2006,37,40,50,12,39,1,2,31392520,0
131, Fri,11,Aug,2006,47,31,46,28,27,5,2,23807666,0
130, Fri,4,Aug,2006,26,15,32,14,1,7,3,16954778,0
129, Fri,28,Jul,2006,3,43,29,8,12,6,7,10326000,0
128, Fri,21,Jul,2006,50,4,38,2,9,8,6,17191693,1
127, Fri,14,Jul,2006,1,31,7,17,36,8,2,10374000,0
126, Fri,7,Jul,2006,35,9,7,43,18,7,5,23809497,2
125, Fri,30,Jun,2006,16,6,15,40,43,1,2,40812950,0
124, Fri,23,Jun,2006,44,30,9,21,43,9,1,32403049,0
123, Fri,16,Jun,2006,26,36,1,16,30,9,3,24499898,0
122, Fri,9,Jun,2006,3,34,39,15,12,4,6,17366509,0
121, Fri,2,Jun,2006,41,7,48,27,8,6,1,10335000,0
120, Fri,26,May,2006,21,41,12,2,49,3,7,5163000,2
119, Fri,19,May,2006,49,34,25,3,5,8,5,10137000,1
118, Fri,12,May,2006,23,5,20,34,50,1,5,8794649,2
117, Fri,5,May,2006,8,50,16,4,14,9,3,10320000,0
116, Fri,28,Apr,2006,17,5,33,22,10,7,5,4492567,4
115, Fri,21,Apr,2006,46,1,22,20,37,1,9,10440000,0
114, Fri,14,Apr,2006,34,35,26,16,49,6,2,17804198,1
113, Fri,7,Apr,2006,13,12,29,50,44,4,5,10485000,0
112, Fri,31,Mar,2006,50,3,45,20,31,7,6,53102939,1
111, Fri,24,Mar,2006,17,47,28,33,35,4,9,45191782,0
110, Fri,17,Mar,2006,50,44,5,45,32,7,1,36196725,0
109, Fri,10,Mar,2006,1,33,21,45,49,4,8,26351576,0
108, Fri,3,Mar,2006,5,44,10,8,3,3,5,18470476,0
107, Fri,24,Feb,2006,18,19,1,47,11,7,3,10255500,0
106, Fri,17,Feb,2006,4,23,38,24,26,4,2,19180108,1
105, Fri,10,Feb,2006,5,38,6,48,50,6,7,10296000,0
104, Fri,3,Feb,2006,30,39,9,21,50,3,1,42019877,3
103, Fri,27,Jan,2006,9,21,15,40,49,4,1,105412292,0
102, Fri,20,Jan,2006,15,12,50,33,44,6,2,87820908,0
101, Fri,13,Jan,2006,12,19,33,34,8,1,6,73898698,0
100, Fri,6,Jan,2006,6,26,14,9,2,4,5,61801800,0
99, Fri,30,Dec,2005,19,45,43,8,16,1,4,53342474,0
98, Fri,23,Dec,2005,31,42,37,36,15,1,7,45483082,0
97, Fri,16,Dec,2005,2,18,3,15,32,7,6,38305717,0
96, Fri,9,Dec,2005,11,42,38,35,18,1,5,30453067,0
95, Fri,2,Dec,2005,1,30,20,9,23,4,7,23443437,0
94, Fri,25,Nov,2005,27,39,47,6,1,6,1,16846594,0
93, Fri,18,Nov,2005,34,17,18,48,25,3,2,10312500,0
92, Fri,11,Nov,2005,41,16,36,42,15,5,3,30453995,1
91, Fri,4,Nov,2005,38,42,36,37,26,2,6,23432048,0
90, Fri,28,Oct,2005,14,50,47,44,36,3,5,16727964,0
89, Fri,21,Oct,2005,19,14,33,1,29,1,8,10143000,0
88, Fri,14,Oct,2005,10,19,11,23,20,6,1,10215000,1
87, Fri,7,Oct,2005,2,13,21,26,44,3,9,5167500,2
86, Fri,30,Sep,2005,6,11,47,48,50,1,6,4255018,4
85, Fri,23,Sep,2005,1,31,34,26,47,4,9,10200000,0
84, Fri,16,Sep,2005,19,38,12,13,21,3,9,51513123,1
83, Fri,9,Sep,2005,31,12,50,19,8,7,6,44899448,0
82, Fri,2,Sep,2005,43,3,4,50,14,3,6,39270421,0
81, Fri,26,Aug,2005,29,35,40,41,9,6,1,31534575,0
80, Fri,19,Aug,2005,41,29,11,24,31,3,1,24045393,0
79, Fri,12,Aug,2005,37,23,40,15,30,7,9,17327035,0
78, Fri,5,Aug,2005,21,11,2,22,30,4,6,10443000,0
77, Fri,29,Jul,2005,50,3,19,49,26,5,4,79881799,1
76, Fri,22,Jul,2005,49,14,41,3,48,1,4,67927336,0
75, Fri,15,Jul,2005,42,23,1,11,12,6,3,57176654,0
74, Fri,8,Jul,2005,42,46,36,35,49,8,2,48784765,0
73, Fri,1,Jul,2005,23,28,5,4,25,3,4,40827016,0
72, Fri,24,Jun,2005,6,15,8,14,45,7,8,34370581,0
71, Fri,17,Jun,2005,8,4,10,21,18,7,1,28094862,0
70, Fri,10,Jun,2005,37,32,47,7,6,7,1,21734699,0
69, Fri,3,Jun,2005,8,11,3,17,50,5,1,15902687,0
68, Fri,27,May,2005,50,48,31,2,24,9,4,10402500,0
67, Fri,20,May,2005,28,6,47,7,13,8,5,29611179,1
66, Fri,13,May,2005,12,40,31,17,32,9,2,22628469,0
65, Fri,6,May,2005,44,21,12,7,26,6,8,15917412,0
64, Fri,29,Apr,2005,42,35,9,3,39,1,8,10155000,0
63, Fri,22,Apr,2005,13,10,24,47,3,9,5,8128286,2
62, Fri,15,Apr,2005,6,31,42,38,28,9,3,10278000,0
61, Fri,8,Apr,2005,31,50,25,11,7,3,1,43951166,1
60, Fri,1,Apr,2005,26,44,47,25,41,3,7,36934606,0
59, Fri,25,Mar,2005,4,29,33,37,38,6,9,31323139,0
58, Fri,18,Mar,2005,48,39,23,6,43,5,7,24623504,0
57, Fri,11,Mar,2005,40,12,43,23,8,1,4,18499838,0
56, Fri,4,Mar,2005,12,32,37,39,24,7,9,12348100,0
55, Fri,25,Feb,2005,43,3,27,44,30,8,4,6907000,0
54, Fri,18,Feb,2005,32,46,20,21,26,8,9,6903000,1
53, Fri,11,Feb,2005,11,13,25,32,50,7,4,23978705,1
52, Fri,4,Feb,2005,11,1,40,30,8,7,8,17823072,0
51, Fri,28,Jan,2005,26,21,7,43,45,5,7,12275202,0
50, Fri,21,Jan,2005,12,14,10,26,24,8,5,6970000,0
49, Fri,14,Jan,2005,11,14,29,6,19,3,1,9148089,2
48, Fri,7,Jan,2005,50,27,47,3,23,3,2,12408063,0
47, Fri,31,Dec,2004,8,7,47,25,24,8,9,7074000,0
46, Fri,24,Dec,2004,3,27,29,4,37,6,5,7037000,1
45, Fri,17,Dec,2004,49,22,19,15,46,9,2,17973434,1
44, Fri,10,Dec,2004,3,13,43,1,16,7,2,12388642,0
43, Fri,3,Dec,2004,15,42,11,1,49,4,3,6945000,0
42, Fri,26,Nov,2004,24,1,34,4,36,8,6,30738943,1
41, Fri,19,Nov,2004,37,29,34,18,1,6,2,23523322,0
40, Fri,12,Nov,2004,12,13,4,32,11,9,3,17364782,0
39, Fri,5,Nov,2004,25,42,49,19,6,1,7,12066841,0
38, Fri,29,Oct,2004,32,1,38,35,8,9,4,6967000,0
37, Fri,22,Oct,2004,9,25,1,40,23,3,9,17398554,1
36, Fri,15,Oct,2004,37,21,14,43,22,5,8,11885938,0
35, Fri,8,Oct,2004,12,10,48,1,16,2,6,6950000,0
34, Fri,1,Oct,2004,48,20,45,21,12,6,5,20656084,1
33, Fri,24,Sep,2004,48,21,26,27,44,1,7,17853153,0
32, Fri,17,Sep,2004,41,39,15,18,29,8,5,15652287,0
31, Fri,10,Sep,2004,5,38,36,25,33,5,2,13705824,0
30, Fri,3,Sep,2004,14,12,15,34,8,7,6,11745718,0
29, Fri,27,Aug,2004,28,1,44,22,11,1,9,9880576,0
28, Fri,20,Aug,2004,27,10,35,9,6,6,8,8372421,0
27, Fri,13,Aug,2004,27,20,41,43,50,8,5,6740000,0
26, Fri,6,Aug,2004,5,35,44,15,24,6,5,16568021,1
25, Fri,30,Jul,2004,50,10,9,19,37,6,1,14603161,0
24, Fri,23,Jul,2004,10,27,7,34,31,8,3,12787495,0
23, Fri,16,Jul,2004,26,50,31,24,38,8,5,11275186,0
22, Fri,9,Jul,2004,44,19,5,12,2,8,9,9720341,0
21, Fri,2,Jul,2004,4,28,24,23,34,1,3,8214347,0
20, Fri,25,Jun,2004,30,21,35,3,34,1,2,6685000,0
19, Fri,18,Jun,2004,28,2,40,23,43,6,2,8140055,1
18, Fri,11,Jun,2004,7,2,47,10,8,1,7,6580000,0
17, Fri,4,Jun,2004,41,42,34,13,9,7,3,8735476,1
16, Fri,28,May,2004,41,44,6,35,11,6,5,6712000,0
15, Fri,21,May,2004,37,39,29,15,49,4,9,6712000,1
14, Fri,14,May,2004,32,3,1,39,21,2,6,22849563,1
13, Fri,7,May,2004,38,36,15,16,21,1,5,19983000,0
12, Fri,30,Apr,2004,27,16,6,5,23,7,6,16887500,0
11, Fri,23,Apr,2004,45,21,6,49,10,5,3,13390000,0
10, Fri,16,Apr,2004,28,40,14,15,35,3,1,10027500,0
9, Fri,9,Apr,2004,23,19,10,1,4,2,8,16752145,1
8, Fri,2,Apr,2004,4,24,12,36,27,2,9,15183435,0
7, Fri,26,Mar,2004,23,43,3,4,10,2,4,13451480,0
6, Fri,19,Mar,2004,42,45,33,37,36,9,4,11696661,0
5, Fri,12,Mar,2004,44,47,15,28,24,4,5,10171500,0
4, Fri,5,Mar,2004,39,37,4,7,33,5,1,13870849,1
3, Fri,27,Feb,2004,37,19,18,14,31,5,4,11880304,0
2, Fri,20,Feb,2004,13,50,47,7,39,2,5,10111500,0
1, Fri,13,Feb,2004,32,16,29,41,36,9,7,10143000,1
